dc,native_elems,latent_elems,bytes_ratio,rl2_latent,logit_spearman,rl2_sparse_orig,rl2_sparse_latent,sparse_support,regime,layer,T
64,1536,64,0.041666666666666664,0.0038015202072256217,0.9999556205743507,0.5113847080837682,0.5089324370519762,1.0,doc,0,1024
64,1536,64,0.041666666666666664,0.013829628865991732,0.9999936632751589,0.0018070030905127379,0.013878857325425471,1.0,doc,0,1024
64,1536,64,0.041666666666666664,0.006092892182119695,0.9999838284993918,0.5694254672283687,0.567567753354955,1.0,doc,0,1024
64,1536,64,0.041666666666666664,0.0016036691542039294,0.9999960996173376,0.4987933423271359,0.47838288618430824,0.95,doc,0,1024
128,1536,128,0.08333333333333333,0.002702950869547682,0.9999771564981044,0.5113847080837682,0.5081197694322255,1.0,doc,0,1024
128,1536,128,0.08333333333333333,0.010524480633324384,0.9999951161397609,0.0018070030905127379,0.010653783171401839,1.0,doc,0,1024
128,1536,128,0.08333333333333333,0.004145184910378278,0.9999891482190113,0.5694254672283687,0.5682671816351872,1.0,doc,0,1024
128,1536,128,0.08333333333333333,0.0010511390927262735,0.9999967925219939,0.4987933423271359,0.4983387964881967,1.0,doc,0,1024
256,1536,256,0.16666666666666666,0.0026384144571546175,0.9999914169229667,0.5113847080837682,0.5207863660844084,0.95,doc,0,1024
256,1536,256,0.16666666666666666,0.007245481390751726,0.9999977759995706,0.0018070030905127379,0.00728820808291993,1.0,doc,0,1024
256,1536,256,0.16666666666666666,0.0025100210736820516,0.999995239074458,0.5694254672283687,0.5667751851021006,1.0,doc,0,1024
256,1536,256,0.16666666666666666,0.0006505549236935727,0.9999981001001357,0.4987933423271359,0.49853812260606717,1.0,doc,0,1024
384,1536,384,0.25,0.0016271727296625733,0.9999964684214289,0.5113847080837682,0.5103046382228974,1.0,doc,0,1024
384,1536,384,0.25,0.0052725341500148015,0.9999989829947784,0.0018070030905127379,0.005374991350609781,1.0,doc,0,1024
384,1536,384,0.25,0.0015003495368959927,0.9999976083613473,0.5694254672283687,0.5683200278545035,1.0,doc,0,1024
384,1536,384,0.25,0.00048341205726197816,0.99999849125599,0.4987933423271359,0.49900137993155946,1.0,doc,0,1024
512,1536,512,0.3333333333333333,0.0006963592938243571,0.9999987371253842,0.5113847080837682,0.5106287115947782,1.0,doc,0,1024
512,1536,512,0.3333333333333333,0.003226090259635325,0.9999995417888561,0.0018070030905127379,0.003690850355854487,1.0,doc,0,1024
512,1536,512,0.3333333333333333,0.001120454573392297,0.9999989047636075,0.5694254672283687,0.5684291038150923,1.0,doc,0,1024
512,1536,512,0.3333333333333333,0.00028308995374688283,0.9999988824118444,0.4987933423271359,0.4990645199951782,1.0,doc,0,1024
768,1536,768,0.5,0.00019637289651924618,0.9999997317788425,0.5113847080837682,0.5112492313207231,1.0,doc,0,1024
768,1536,768,0.5,0.0011212204145431884,0.9999998994170658,0.0018070030905127379,0.002056700233756399,1.0,doc,0,1024
768,1536,768,0.5,0.0002752252706905149,0.999999843537658,0.5694254672283687,0.5694798166086231,1.0,doc,0,1024
768,1536,768,0.5,8.213235661113517e-05,0.999999742954724,0.4987933423271359,0.4987899406692275,1.0,doc,0,1024
1536,1536,1536,1.0,3.017344853096202e-07,0.9999999999999998,0.5113847080837682,0.5113849047351212,1.0,doc,0,1024
1536,1536,1536,1.0,3.9033739396268964e-07,0.9999999888241182,0.0018070030905127379,0.0018067961327513829,1.0,doc,0,1024
1536,1536,1536,1.0,3.2331568628037334e-07,0.9999999999999998,0.5694254672283687,0.5694254760071908,1.0,doc,0,1024
1536,1536,1536,1.0,2.2044167260960803e-07,0.9999999999999998,0.4987933423271359,0.498793190442373,1.0,doc,0,1024
64,1536,64,0.041666666666666664,0.01345122290710699,0.9999889582290249,0.024642512348608942,0.02283299395622885,1.0,doc,1,1024
64,1536,64,0.041666666666666664,0.001902921001654642,0.9999833591123666,0.4892989066146241,0.4895633418624772,1.0,doc,1,1024
64,1536,64,0.041666666666666664,0.006111572223584643,0.9999457857985836,0.583402670404657,0.640755279110765,0.95,doc,1,1024
64,1536,64,0.041666666666666664,0.0041977616497635125,0.9999511390458478,1.2283384688789072,1.2328372996514636,1.0,doc,1,1024
128,1536,128,0.08333333333333333,0.0037766930192841123,0.9999959431549958,0.024642512348608942,0.023236112094551616,1.0,doc,1,1024
128,1536,128,0.08333333333333333,0.00044972428001606684,0.9999935291645803,0.4892989066146241,0.4895159338845079,1.0,doc,1,1024
128,1536,128,0.08333333333333333,0.0011627495489765413,0.9999862536656889,0.583402670404657,0.6442391970169804,0.95,doc,1,1024
128,1536,128,0.08333333333333333,0.0005610304222322071,0.9999911039982832,1.2283384688789072,1.2641880245904482,0.95,doc,1,1024
256,1536,256,0.16666666666666666,0.0013491679933393377,0.9999976977683998,0.024642512348608942,0.024815058152874454,1.0,doc,1,1024
256,1536,256,0.16666666666666666,0.00010430939270555893,0.9999965466525997,0.4892989066146241,0.4891954792258381,1.0,doc,1,1024
256,1536,256,0.16666666666666666,0.0002757393076002933,0.9999950490844716,0.583402670404657,0.5833298296415227,1.0,doc,1,1024
256,1536,256,0.16666666666666666,0.000135922049712427,0.9999969936878619,1.2283384688789072,1.2285906916832117,1.0,doc,1,1024
384,1536,384,0.25,0.000939371939196216,0.9999988153565551,0.024642512348608942,0.024864437088181916,1.0,doc,1,1024
384,1536,384,0.25,8.042513888496834e-05,0.9999975636578211,0.4892989066146241,0.4893077652629122,1.0,doc,1,1024
384,1536,384,0.25,0.00013640364843486242,0.9999980106930833,0.583402670404657,0.5833157803711058,1.0,doc,1,1024
384,1536,384,0.25,6.483566048223966e-05,0.9999977201201629,1.2283384688789072,1.228485430962308,1.0,doc,1,1024
512,1536,512,0.3333333333333333,0.00043211368531700727,0.9999994747335668,0.024642512348608942,0.024612813535243378,1.0,doc,1,1024
512,1536,512,0.3333333333333333,6.559797646899773e-05,0.9999980218689648,0.4892989066146241,0.4893451801420923,1.0,doc,1,1024
512,1536,512,0.3333333333333333,8.25547099028618e-05,0.9999987371253842,0.583402670404657,0.5833263970509907,1.0,doc,1,1024
512,1536,512,0.3333333333333333,3.903633042863945e-05,0.9999988712359629,1.2283384688789072,1.2283306370918965,1.0,doc,1,1024
768,1536,768,0.5,0.00013833874077628415,0.9999998770653027,0.024642512348608942,0.024639002113744393,1.0,doc,1,1024
768,1536,768,0.5,1.473437023273864e-05,0.999999519437093,0.4892989066146241,0.48930397976901985,1.0,doc,1,1024
768,1536,768,0.5,2.0273844359374164e-05,0.9999997541306056,0.583402670404657,0.5833731136142852,1.0,doc,1,1024
768,1536,768,0.5,1.4354530898882699e-05,0.9999995641406192,1.2283384688789072,1.2283573387788074,1.0,doc,1,1024
1536,1536,1536,1.0,6.630050236078431e-07,0.9999999999999998,0.024642512348608942,0.02464264581932657,1.0,doc,1,1024
1536,1536,1536,1.0,1.0652835723863357e-07,0.9999999999999998,0.4892989066146241,0.4892988577734525,1.0,doc,1,1024
1536,1536,1536,1.0,1.192245308113344e-07,0.9999999999999998,0.583402670404657,0.5834027254950238,1.0,doc,1,1024
1536,1536,1536,1.0,1.1314167461380101e-07,0.9999999999999998,1.2283384688789072,1.2283384428198452,1.0,doc,1,1024
64,1536,64,0.041666666666666664,0.024320468575248458,0.9999940767827764,0.006229517499580931,0.02319890539853719,1.0,doc,2,1024
64,1536,64,0.041666666666666664,0.025270033996028,0.9999964795973104,0.0001599511661993103,0.025322198315794207,1.0,doc,2,1024
64,1536,64,0.041666666666666664,0.014782394578290104,0.9999869242185822,0.026894021335059397,0.029579543148516768,1.0,doc,2,1024
64,1536,64,0.041666666666666664,0.01928053947294087,0.999989304681353,2.5271292883097304e-05,0.01927200832193675,1.0,doc,2,1024
128,1536,128,0.08333333333333333,0.013907547753570173,0.9999963566626133,0.006229517499580931,0.013940672663047797,1.0,doc,2,1024
128,1536,128,0.08333333333333333,0.014341724265805591,0.9999975971854658,0.0001599511661993103,0.014393480780882584,1.0,doc,2,1024
128,1536,128,0.08333333333333333,0.008807445378237206,0.9999942444209997,0.026894021335059397,0.026985167340362635,1.0,doc,2,1024
128,1536,128,0.08333333333333333,0.011824711287293456,0.9999980777483726,2.5271292883097304e-05,0.01182642701422232,1.0,doc,2,1024
256,1536,256,0.16666666666666666,0.004161936984193126,0.9999970048637434,0.006229517499580931,0.006231828205543995,1.0,doc,2,1024
256,1536,256,0.16666666666666666,0.005971518703841607,0.9999982006830697,0.0001599511661993103,0.006054544962690149,1.0,doc,2,1024
256,1536,256,0.16666666666666666,0.002649346691237818,0.9999958984514696,0.026894021335059397,0.026431947169814656,1.0,doc,2,1024
256,1536,256,0.16666666666666666,0.003094858304844745,0.9999990276983046,2.5271292883097304e-05,0.003106569861382864,1.0,doc,2,1024
384,1536,384,0.25,0.002046840885942078,0.9999983906730561,0.006229517499580931,0.00642861200124069,1.0,doc,2,1024
384,1536,384,0.25,0.0039029364036869455,0.9999990388741862,0.0001599511661993103,0.0039824931809121986,1.0,doc,2,1024
384,1536,384,0.25,0.001271845641254696,0.9999971389743221,0.026894021335059397,0.027050825624299137,1.0,doc,2,1024
384,1536,384,0.25,0.0017104904158847987,0.999999418854159,2.5271292883097304e-05,0.0016963418266434862,1.0,doc,2,1024
512,1536,512,0.3333333333333333,0.0010309496942552115,0.9999991059294755,0.006229517499580931,0.006095052093142267,1.0,doc,2,1024
512,1536,512,0.3333333333333333,0.00203546633406406,0.999999519437093,0.0001599511661993103,0.002068763271545712,1.0,doc,2,1024
512,1536,512,0.3333333333333333,0.0009009568983603203,0.99999849125599,0.026894021335059397,0.027115566802790605,1.0,doc,2,1024
512,1536,512,0.3333333333333333,0.0009513028369956081,0.9999997764823687,2.5271292883097304e-05,0.000943817727601939,1.0,doc,2,1024
768,1536,768,0.5,0.00036218835857355355,0.9999998547135396,0.006229517499580931,0.00617789075023562,1.0,doc,2,1024
768,1536,768,0.5,0.0006491265021797164,0.9999999217688289,0.0001599511661993103,0.0006843566238297319,1.0,doc,2,1024
768,1536,768,0.5,0.0002262569278998564,0.9999996870753163,0.026894021335059397,0.02695133795676928,1.0,doc,2,1024
768,1536,768,0.5,0.0003430842997197944,0.9999999105929473,2.5271292883097304e-05,0.00033181657209965413,1.0,doc,2,1024
1536,1536,1536,1.0,8.563800619390175e-07,0.9999999999999998,0.006229517499580931,0.006229464460958052,1.0,doc,2,1024
1536,1536,1536,1.0,4.2371009647847716e-07,0.9999999999999998,0.0001599511661993103,0.00015973158358359988,1.0,doc,2,1024
1536,1536,1536,1.0,1.5367179325215911e-06,0.9999999999999998,0.026894021335059397,0.026893695252052197,1.0,doc,2,1024
1536,1536,1536,1.0,1.703234107275758e-06,0.9999999999999998,2.5271292883097304e-05,2.589874083810084e-05,1.0,doc,2,1024
64,1536,64,0.041666666666666664,0.00439489681614269,0.9998507461018523,0.07097447379094413,0.07038073215408362,0.95,doc,3,1024
64,1536,64,0.041666666666666664,0.022750739220488713,0.9999973624919531,0.0002486781908476587,0.022782223374787264,1.0,doc,3,1024
64,1536,64,0.041666666666666664,0.027926433737759854,0.9999970607431512,0.004750954959801561,0.0268227830545583,1.0,doc,3,1024
64,1536,64,0.041666666666666664,0.026276925769192577,0.9999962560796793,0.01480398622670412,0.03017703067849051,1.0,doc,3,1024
128,1536,128,0.08333333333333333,0.002344878243273195,0.9999620914097702,0.07097447379094413,0.07066569396693573,1.0,doc,3,1024
128,1536,128,0.08333333333333333,0.009840337700366396,0.9999984577283454,0.0002486781908476587,0.00976554544961795,1.0,doc,3,1024
128,1536,128,0.08333333333333333,0.004670597716516198,0.9999974295472425,0.004750954959801561,0.0058707351318926185,1.0,doc,3,1024
128,1536,128,0.08333333333333333,0.010138173601911306,0.9999976307131104,0.01480398622670412,0.018794629756188418,1.0,doc,3,1024
256,1536,256,0.16666666666666666,0.0004365825704294166,0.999990232279522,0.07097447379094413,0.07099536847203737,1.0,doc,3,1024
256,1536,256,0.16666666666666666,0.004320516781095258,0.999998591838924,0.0002486781908476587,0.004401633488697203,1.0,doc,3,1024
256,1536,256,0.16666666666666666,0.0016238007704220223,0.9999983459695299,0.004750954959801561,0.005461885533538812,1.0,doc,3,1024
256,1536,256,0.16666666666666666,0.0041728369663015154,0.9999984800801085,0.01480398622670412,0.015178611272669604,1.0,doc,3,1024
384,1536,384,0.25,0.00024296102261013767,0.9999944791145123,0.07097447379094413,0.07092507701896889,1.0,doc,3,1024
384,1536,384,0.25,0.0015019698434246501,0.9999991282812386,0.0002486781908476587,0.0014191441045846706,1.0,doc,3,1024
384,1536,384,0.25,0.0008311980840518338,0.9999992847435804,0.004750954959801561,0.004514087344299337,1.0,doc,3,1024
384,1536,384,0.25,0.00319369588672625,0.9999988488841998,0.01480398622670412,0.015041732347583011,1.0,doc,3,1024
512,1536,512,0.3333333333333333,0.00015318865898165485,0.9999965578284813,0.07097447379094413,0.07099508688662061,1.0,doc,3,1024
512,1536,512,0.3333333333333333,0.0014171487786693204,0.9999995306129745,0.0002486781908476587,0.0014889324343909927,1.0,doc,3,1024
512,1536,512,0.3333333333333333,0.0004761645616896829,0.9999994635576852,0.004750954959801561,0.00484062405852074,1.0,doc,3,1024
512,1536,512,0.3333333333333333,0.001715395232145961,0.9999993070953435,0.01480398622670412,0.015315039771222654,1.0,doc,3,1024
768,1536,768,0.5,4.994062182473037e-05,0.9999992065124095,0.07097447379094413,0.07096925102194576,1.0,doc,3,1024
768,1536,768,0.5,0.0005558967074967812,0.9999999329447105,0.0002486781908476587,0.000718414256332717,1.0,doc,3,1024
768,1536,768,0.5,0.0001374738149967087,0.999999944120592,0.004750954959801561,0.004769472223224108,1.0,doc,3,1024
768,1536,768,0.5,0.0003991475072820324,0.9999998547135396,0.01480398622670412,0.014854287238734686,1.0,doc,3,1024
1536,1536,1536,1.0,1.0592646627590141e-07,0.9999999888241182,0.07097447379094413,0.07097445279529635,1.0,doc,3,1024
1536,1536,1536,1.0,4.774756183796807e-06,0.9999999999999998,0.0002486781908476587,0.0002468126437262679,1.0,doc,3,1024
1536,1536,1536,1.0,3.9993244642797045e-06,0.9999999999999998,0.004750954959801561,0.004747219548690719,1.0,doc,3,1024
1536,1536,1536,1.0,1.2905979832248305e-06,0.9999999999999998,0.01480398622670412,0.014804393510384784,1.0,doc,3,1024
64,1536,64,0.041666666666666664,0.03433227780154698,0.9999934956369356,0.0022093206078577484,0.035262166894265486,1.0,doc,4,1024
64,1536,64,0.041666666666666664,0.03574093838589664,0.9999866448215433,0.010159740845046363,0.03756338243963527,1.0,doc,4,1024
64,1536,64,0.041666666666666664,0.026147922597844427,0.9999924227523065,0.030824778088485102,0.040068872878034456,1.0,doc,4,1024
64,1536,64,0.041666666666666664,0.032115376049037844,0.999988678831986,0.018586833330563206,0.03724498356039393,1.0,doc,4,1024
128,1536,128,0.08333333333333333,0.016441650539591224,0.9999966248837706,0.0022093206078577484,0.016019113322480398,1.0,doc,4,1024
128,1536,128,0.08333333333333333,0.015793362688242763,0.9999948143909589,0.010159740845046363,0.016614247887806643,1.0,doc,4,1024
128,1536,128,0.08333333333333333,0.008039070425174743,0.9999962002002716,0.030824778088485102,0.029984300426727725,1.0,doc,4,1024
128,1536,128,0.08333333333333333,0.014455258227156915,0.9999945685215648,0.018586833330563206,0.023605376716190257,1.0,doc,4,1024
256,1536,256,0.16666666666666666,0.0075345749791503125,0.9999973513160716,0.0022093206078577484,0.006661698137229741,1.0,doc,4,1024
256,1536,256,0.16666666666666666,0.0038268906463993207,0.9999969042808095,0.010159740845046363,0.010953668863806783,1.0,doc,4,1024
256,1536,256,0.16666666666666666,0.0029595219977631092,0.9999970272155065,0.030824778088485102,0.029952910255938964,1.0,doc,4,1024
256,1536,256,0.16666666666666666,0.0045453334590637735,0.9999963119590871,0.018586833330563206,0.018803101213885783,1.0,doc,4,1024
384,1536,384,0.25,0.005059589942494489,0.9999983124418852,0.0022093206078577484,0.0037407768742306878,1.0,doc,4,1024
384,1536,384,0.25,0.0023239908266351446,0.9999979212860308,0.010159740845046363,0.009588259191432821,1.0,doc,4,1024
384,1536,384,0.25,0.0018944506899107906,0.999997742471926,0.030824778088485102,0.030568897507126457,1.0,doc,4,1024
384,1536,384,0.25,0.002784557038813911,0.9999975189542949,0.018586833330563206,0.018166323946393836,1.0,doc,4,1024
512,1536,512,0.3333333333333333,0.0015548194265200988,0.9999992288641726,0.0022093206078577484,0.0029579296791351446,1.0,doc,4,1024
512,1536,512,0.3333333333333333,0.0017478662884063052,0.9999990500500677,0.010159740845046363,0.009377191421434157,1.0,doc,4,1024
512,1536,512,0.3333333333333333,0.0010336497990757496,0.99999849125599,0.030824778088485102,0.031014541153232177,1.0,doc,4,1024
512,1536,512,0.3333333333333333,0.0015947321511239876,0.999998893587726,0.018586833330563206,0.01827361742423043,1.0,doc,4,1024
768,1536,768,0.5,0.0005351733812327367,0.999999843537658,0.0022093206078577484,0.0024457130755274658,1.0,doc,4,1024
768,1536,768,0.5,0.0004200498869849295,0.9999997206029609,0.010159740845046363,0.010083542777329587,1.0,doc,4,1024
768,1536,768,0.5,0.00017201605429736396,0.9999997876582503,0.030824778088485102,0.030748958550470003,1.0,doc,4,1024
768,1536,768,0.5,0.00043225010858773783,0.9999997317788425,0.018586833330563206,0.01866439897935766,1.0,doc,4,1024
1536,1536,1536,1.0,2.3180402451191524e-06,0.9999999999999998,0.0022093206078577484,0.0022075018070140035,1.0,doc,4,1024
1536,1536,1536,1.0,3.480858302323476e-06,0.9999999999999998,0.010159740845046363,0.01016191904366178,1.0,doc,4,1024
1536,1536,1536,1.0,1.0476210267545966e-06,0.9999999999999998,0.030824778088485102,0.030825174205721173,1.0,doc,4,1024
1536,1536,1536,1.0,7.956665483750539e-07,0.9999999999999998,0.018586833330563206,0.018586619620273137,1.0,doc,4,1024
64,1536,64,0.041666666666666664,0.00392336742398548,0.9991845406265645,0.3264171556490007,0.3266168737315835,0.95,doc,5,1024
64,1536,64,0.041666666666666664,0.04226351458478726,0.9999807998354908,0.015095201420545054,0.04350738545001342,1.0,doc,5,1024
64,1536,64,0.041666666666666664,0.17080007463531827,0.9999478645125526,0.007158060556574548,0.17619794253498033,0.95,doc,5,1024
64,1536,64,0.041666666666666664,0.008809863473361334,0.9996720325799298,0.264939288673372,0.26433607527970626,0.95,doc,5,1024
128,1536,128,0.08333333333333333,0.0018029764601443627,0.9997992252878906,0.3264171556490007,0.3266003025291192,0.95,doc,5,1024
128,1536,128,0.08333333333333333,0.011326643776289684,0.9999932721193046,0.015095201420545054,0.01816925541280439,1.0,doc,5,1024
128,1536,128,0.08333333333333333,0.020072794315826543,0.9999888464702094,0.007158060556574548,0.024162516433108894,1.0,doc,5,1024
128,1536,128,0.08333333333333333,0.0009197386679002864,0.9999486244724982,0.264939288673372,0.2644769347777566,1.0,doc,5,1024
256,1536,256,0.16666666666666666,0.0001923427253122654,0.999976664759316,0.3264171556490007,0.32641771440437345,1.0,doc,5,1024
256,1536,256,0.16666666666666666,0.003845141094679259,0.9999965131249551,0.015095201420545054,0.015849070807434338,1.0,doc,5,1024
256,1536,256,0.16666666666666666,0.0061162938803867245,0.9999953173056289,0.007158060556574548,0.011460004229295793,1.0,doc,5,1024
256,1536,256,0.16666666666666666,0.0001873484235880658,0.999978441724483,0.264939288673372,0.26485187576167457,1.0,doc,5,1024
384,1536,384,0.25,6.290577172850667e-05,0.9999885670731705,0.3264171556490007,0.3264223769552628,1.0,doc,5,1024
384,1536,384,0.25,0.0017101206296189914,0.9999977983513337,0.015095201420545054,0.015640455329299335,1.0,doc,5,1024
384,1536,384,0.25,0.0038143264069224227,0.9999963007832056,0.007158060556574548,0.010059794263616063,1.0,doc,5,1024
384,1536,384,0.25,6.930544200660212e-05,0.9999874159573705,0.264939288673372,0.2647868231233794,1.0,doc,5,1024
512,1536,512,0.3333333333333333,2.9359209981613465e-05,0.9999949708533007,0.3264171556490007,0.3264269601779725,1.0,doc,5,1024
512,1536,512,0.3333333333333333,0.0011377931380078688,0.9999990165224231,0.015095201420545054,0.015165331321932426,1.0,doc,5,1024
512,1536,512,0.3333333333333333,0.002505105664978097,0.9999982453865959,0.007158060556574548,0.007595527356774695,1.0,doc,5,1024
512,1536,512,0.3333333333333333,3.4856562491633024e-05,0.9999928474358055,0.264939288673372,0.2649033560669035,1.0,doc,5,1024
768,1536,768,0.5,9.71445000156966e-06,0.999998591838924,0.3264171556490007,0.32640650270403837,1.0,doc,5,1024
768,1536,768,0.5,0.00024024030744706812,0.9999997206029609,0.015095201420545054,0.015154437308782178,1.0,doc,5,1024
768,1536,768,0.5,0.00054785937812141,0.9999996870753163,0.007158060556574548,0.006832768397927319,1.0,doc,5,1024
768,1536,768,0.5,1.0466445051197107e-05,0.999998793004792,0.264939288673372,0.26493605142827936,1.0,doc,5,1024
1536,1536,1536,1.0,1.946147992626781e-07,0.9999999999999998,0.3264171556490007,0.3264171223532209,1.0,doc,5,1024
1536,1536,1536,1.0,6.740488005141121e-07,0.9999999999999998,0.015095201420545054,0.01509525099304499,1.0,doc,5,1024
1536,1536,1536,1.0,2.2146746859834134e-06,0.9999999999999998,0.007158060556574548,0.007159138182495777,1.0,doc,5,1024
1536,1536,1536,1.0,1.2031786736108678e-07,0.9999999999999998,0.264939288673372,0.2649394077657883,1.0,doc,5,1024
64,1536,64,0.041666666666666664,0.08514384201817234,0.999977491774551,0.009784192014067987,0.08951708821158681,1.0,doc,6,1024
64,1536,64,0.041666666666666664,0.17949596225294814,0.9999086930477075,0.10341688263374428,0.15029062835525095,1.0,doc,6,1024
64,1536,64,0.041666666666666664,0.01512475901304926,0.9995611119555109,0.2966781745495532,0.32371549504763686,0.95,doc,6,1024
64,1536,64,0.041666666666666664,0.06853976266419316,0.9990339120949859,0.06499024684278336,0.09497549901953684,1.0,doc,6,1024
128,1536,128,0.08333333333333333,0.025254241824896117,0.9999927468528715,0.009784192014067987,0.031134081040129474,1.0,doc,6,1024
128,1536,128,0.08333333333333333,0.01221589849928799,0.9999752230705956,0.10341688263374428,0.0977089643297223,1.0,doc,6,1024
128,1536,128,0.08333333333333333,0.0020691712515157772,0.9999333805700592,0.2966781745495532,0.2951493418636656,1.0,doc,6,1024
128,1536,128,0.08333333333333333,0.005519729699735683,0.9998874700486373,0.06499024684278336,0.06921171556550042,1.0,doc,6,1024
256,1536,256,0.16666666666666666,0.00909485983845917,0.9999952167226949,0.009784192014067987,0.016951588894734464,1.0,doc,6,1024
256,1536,256,0.16666666666666666,0.0022395317834844075,0.9999891705707744,0.10341688263374428,0.10420291490382982,1.0,doc,6,1024
256,1536,256,0.16666666666666666,0.0002602750359813574,0.9999765418246189,0.2966781745495532,0.2967528132736837,1.0,doc,6,1024
256,1536,256,0.16666666666666666,0.0003294168941768215,0.999980945121951,0.06499024684278336,0.06536512934971142,1.0,doc,6,1024
384,1536,384,0.25,0.0032805405759896633,0.999996915456691,0.009784192014067987,0.0120667583762929,1.0,doc,6,1024
384,1536,384,0.25,0.0013613313819683358,0.9999940320792502,0.10341688263374428,0.10351765899533684,1.0,doc,6,1024
384,1536,384,0.25,8.434202190526582e-05,0.999988254148487,0.2966781745495532,0.2965324519558352,1.0,doc,6,1024
384,1536,384,0.25,0.00011057815755541671,0.9999951720191687,0.06499024684278336,0.06503162166275771,1.0,doc,6,1024
512,1536,512,0.3333333333333333,0.0018241555536736402,0.9999987147736211,0.009784192014067987,0.010783943590097139,1.0,doc,6,1024
512,1536,512,0.3333333333333333,0.0008471451178837997,0.9999959208032327,0.10341688263374428,0.10321174063244587,1.0,doc,6,1024
512,1536,512,0.3333333333333333,3.588092586025801e-05,0.9999921433552676,0.2966781745495532,0.296680638798181,1.0,doc,6,1024
512,1536,512,0.3333333333333333,4.367794865979608e-05,0.9999979101101493,0.06499024684278336,0.06491939240890814,1.0,doc,6,1024
768,1536,768,0.5,0.00030144533889218744,0.9999997876582503,0.009784192014067987,0.009918653235909198,1.0,doc,6,1024
768,1536,768,0.5,0.0001287028185576673,0.9999993965023959,0.10341688263374428,0.10344656225916396,1.0,doc,6,1024
768,1536,768,0.5,1.8498487025527232e-05,0.9999984242007007,0.2966781745495532,0.2966939576211916,1.0,doc,6,1024
768,1536,768,0.5,1.3764107329119746e-05,0.9999995417888561,0.06499024684278336,0.06498337788394806,1.0,doc,6,1024
1536,1536,1536,1.0,1.954440233705826e-06,0.9999999999999998,0.009784192014067987,0.0097829577782704,1.0,doc,6,1024
1536,1536,1536,1.0,7.595887900602736e-07,0.9999999999999998,0.10341688263374428,0.10341717281036508,1.0,doc,6,1024
1536,1536,1536,1.0,1.0138698684992904e-07,0.9999999999999998,0.2966781745495532,0.296678047750609,1.0,doc,6,1024
1536,1536,1536,1.0,2.1664006101251255e-07,0.9999999999999998,0.06499024684278336,0.06499034374328938,1.0,doc,6,1024
64,1536,64,0.041666666666666664,0.5488677363025912,0.999971959713182,0.0015004216426523311,0.5499963987303242,1.0,doc,7,1024
64,1536,64,0.041666666666666664,0.45924657688146053,0.999957565177741,0.08009939977686494,0.506846600720215,1.0,doc,7,1024
64,1536,64,0.041666666666666664,0.192366899086184,0.9987456861097201,0.4926759112848172,0.5746638544974024,0.95,doc,7,1024
64,1536,64,0.041666666666666664,0.3065627893040365,0.9999450705421642,0.0547766512845354,0.27930082240985155,1.0,doc,7,1024
128,1536,128,0.08333333333333333,0.026881465705014384,0.9999929144910948,0.0015004216426523311,0.026744616945709784,1.0,doc,7,1024
128,1536,128,0.08333333333333333,0.02898176770947923,0.9999874941885414,0.08009939977686494,0.09607464910347152,1.0,doc,7,1024
128,1536,128,0.08333333333333333,0.014870715780546334,0.9997563881338959,0.4926759112848172,0.5026763067154262,1.0,doc,7,1024
128,1536,128,0.08333333333333333,0.02361593077552727,0.999987829464988,0.0547766512845354,0.045973549884186546,1.0,doc,7,1024
256,1536,256,0.16666666666666666,0.010148553879947751,0.999996490773192,0.0015004216426523311,0.010620600097767356,1.0,doc,7,1024
256,1536,256,0.16666666666666666,0.003977811671994229,0.9999947026321434,0.08009939977686494,0.08158297084791759,1.0,doc,7,1024
256,1536,256,0.16666666666666666,0.0009980669467915969,0.9999493844324439,0.4926759112848172,0.4927540919132809,1.0,doc,7,1024
256,1536,256,0.16666666666666666,0.004762617847024756,0.9999943226521706,0.0547766512845354,0.05631988604899103,1.0,doc,7,1024
384,1536,384,0.25,0.004380434059826285,0.9999972395572561,0.0015004216426523311,0.005162510912728521,1.0,doc,7,1024
384,1536,384,0.25,0.0015721389460100791,0.9999960213861667,0.08009939977686494,0.08059876702393177,1.0,doc,7,1024
384,1536,384,0.25,0.0002945710401545615,0.9999764524175665,0.4926759112848172,0.49236928153039816,1.0,doc,7,1024
384,1536,384,0.25,0.003020325055180608,0.9999956861097201,0.0547766512845354,0.05439010665973395,1.0,doc,7,1024
512,1536,512,0.3333333333333333,0.005237088666047584,0.9999987483012658,0.0015004216426523311,0.005828769835317752,1.0,doc,7,1024
512,1536,512,0.3333333333333333,0.001191637235481427,0.9999974854266502,0.08009939977686494,0.08067112902919601,1.0,doc,7,1024
512,1536,512,0.3333333333333333,0.00011488939680819866,0.9999849237357841,0.4926759112848172,0.49266834053291586,1.0,doc,7,1024
512,1536,512,0.3333333333333333,0.0019919237940259076,0.9999975971854658,0.0547766512845354,0.056433798964227795,1.0,doc,7,1024
768,1536,768,0.5,0.0005254949069177033,0.9999997317788425,0.0015004216426523311,0.001709144158028014,1.0,doc,7,1024
768,1536,768,0.5,0.00024401288103485008,0.999999519437093,0.08009939977686494,0.08006892313057674,1.0,doc,7,1024
768,1536,768,0.5,3.301770608302866e-05,0.9999977536478075,0.4926759112848172,0.4927101551915035,1.0,doc,7,1024
768,1536,768,0.5,0.00031379185642146874,0.9999996088441454,0.0547766512845354,0.054999441483345526,1.0,doc,7,1024
1536,1536,1536,1.0,1.9081340200990865e-06,0.9999999999999998,0.0015004216426523311,0.001499618361498581,1.0,doc,7,1024
1536,1536,1536,1.0,1.571665699907581e-06,0.9999999999999998,0.08009939977686494,0.0800995047288486,1.0,doc,7,1024
1536,1536,1536,1.0,1.6940245165388555e-07,0.9999999999999998,0.4926759112848172,0.4926758555797482,1.0,doc,7,1024
1536,1536,1536,1.0,2.5955691551489654e-06,0.9999999999999998,0.0547766512845354,0.05477774091738727,1.0,doc,7,1024
64,1536,64,0.041666666666666664,0.32089893040063455,0.99875525266433,0.7204774364584707,0.8015352808837939,0.9,doc,8,1024
64,1536,64,0.041666666666666664,1.4134944449327096,0.9996428747049566,0.18431464577172973,1.6600060071815117,0.95,doc,8,1024
64,1536,64,0.041666666666666664,0.13398336547772047,0.9988089304234317,0.14170523632619672,0.22966621119440914,0.8,doc,8,1024
64,1536,64,0.041666666666666664,0.6580492301453663,0.9997230951827478,0.4920737215072696,1.0045759272995751,1.0,doc,8,1024
128,1536,128,0.08333333333333333,0.01637062272344087,0.9998411683713609,0.7204774364584707,0.7284413754025322,0.95,doc,8,1024
128,1536,128,0.08333333333333333,0.11421668572010955,0.9999536089156711,0.18431464577172973,0.20560156954918218,1.0,doc,8,1024
128,1536,128,0.08333333333333333,0.004711999624307985,0.9997876917781273,0.14170523632619672,0.14535966004770856,0.95,doc,8,1024
128,1536,128,0.08333333333333333,0.0316964333552511,0.9999517201916885,0.4920737215072696,0.49915142228135617,1.0,doc,8,1024
256,1536,256,0.16666666666666666,0.0014581779166966305,0.9999590292182245,0.7204774364584707,0.7204436041840726,0.95,doc,8,1024
256,1536,256,0.16666666666666666,0.005862472732302304,0.999988455314355,0.18431464577172973,0.18418554013266894,1.0,doc,8,1024
256,1536,256,0.16666666666666666,0.000545738733095345,0.9999681822652169,0.14170523632619672,0.14208745143353685,1.0,doc,8,1024
256,1536,256,0.16666666666666666,0.0031619508753573003,0.9999813251019238,0.4920737215072696,0.4916303282340852,1.0,doc,8,1024
384,1536,384,0.25,0.0005138997489220524,0.9999822638759743,0.7204774364584707,0.7202977572954576,1.0,doc,8,1024
384,1536,384,0.25,0.0017038685856600646,0.999993987375724,0.18431464577172973,0.18397062565168665,1.0,doc,8,1024
384,1536,384,0.25,0.0001758091150602274,0.9999868795150559,0.14170523632619672,0.1409098347327946,0.95,doc,8,1024
384,1536,384,0.25,0.0011500727922928384,0.9999891482190113,0.4920737215072696,0.4925476654999431,1.0,doc,8,1024
512,1536,512,0.3333333333333333,0.00021653887743859675,0.9999897964201414,0.7204774364584707,0.7203882281506804,1.0,doc,8,1024
512,1536,512,0.3333333333333333,0.0006523603823036656,0.9999957196373648,0.18431464577172973,0.184176837171898,1.0,doc,8,1024
512,1536,512,0.3333333333333333,0.00011320879585051738,0.9999933503504754,0.14170523632619672,0.14155681214317262,1.0,doc,8,1024
512,1536,512,0.3333333333333333,0.0003852733701472456,0.9999937750339745,0.4920737215072696,0.4922979964255089,1.0,doc,8,1024
768,1536,768,0.5,5.066047881435196e-05,0.9999979548136755,0.7204774364584707,0.7204118360224159,1.0,doc,8,1024
768,1536,768,0.5,0.0001626662018366218,0.9999987818289104,0.18431464577172973,0.18432118554348503,1.0,doc,8,1024
768,1536,768,0.5,2.4960343745885633e-05,0.9999981112760172,0.14170523632619672,0.1410847971843397,0.95,doc,8,1024
768,1536,768,0.5,0.0001223697575215256,0.9999988377083182,0.4920737215072696,0.4920962371241074,1.0,doc,8,1024
1536,1536,1536,1.0,3.043466878345841e-07,0.9999999888241182,0.7204774364584707,0.7204774518413689,1.0,doc,8,1024
1536,1536,1536,1.0,5.207831501887345e-07,0.9999999999999998,0.18431464577172973,0.18431453561727854,1.0,doc,8,1024
1536,1536,1536,1.0,3.611098355362042e-07,0.9999999999999998,0.14170523632619672,0.14170548128218224,1.0,doc,8,1024
1536,1536,1536,1.0,1.2777857047597766e-06,0.9999999999999998,0.4920737215072696,0.49207438236018447,1.0,doc,8,1024
64,1536,64,0.041666666666666664,0.40864987896145394,0.9993034967098203,0.22813836064422596,0.2921226374348333,0.95,doc,9,1024
64,1536,64,0.041666666666666664,1.0846301595148045,0.9999289213933193,0.06663005428639614,1.0300715801779083,1.0,doc,9,1024
64,1536,64,0.041666666666666664,0.030309565317605338,0.9987144048172518,0.14645924456790332,0.15038527504756377,0.9,doc,9,1024
64,1536,64,0.041666666666666664,0.02621175594542094,0.9992512159359128,0.13223301299031223,0.1413412849948528,0.9,doc,9,1024
128,1536,128,0.08333333333333333,0.01260622885560818,0.9998936391352549,0.22813836064422596,0.22482226033132008,0.95,doc,9,1024
128,1536,128,0.08333333333333333,0.038790659010293604,0.9999889023496171,0.06663005428639614,0.07355766833782193,1.0,doc,9,1024
128,1536,128,0.08333333333333333,0.00337586751650828,0.9996926967849222,0.14645924456790332,0.1518057032829832,0.95,doc,9,1024
128,1536,128,0.08333333333333333,0.004944713243638496,0.9999119228774764,0.13223301299031223,0.1344878544301165,0.9,doc,9,1024
256,1536,256,0.16666666666666666,0.0014901875530535353,0.9999736807989412,0.22813836064422596,0.2279951604073136,1.0,doc,9,1024
256,1536,256,0.16666666666666666,0.004383206709825147,0.9999959431549958,0.06663005428639614,0.06855539899512457,1.0,doc,9,1024
256,1536,256,0.16666666666666666,0.00028680588931079265,0.9999670087976538,0.14645924456790332,0.14704064062792171,1.0,doc,9,1024
256,1536,256,0.16666666666666666,0.000543344336352136,0.9999824538659607,0.13223301299031223,0.13212910367871783,0.95,doc,9,1024
384,1536,384,0.25,0.0005903859625940926,0.9999892040984191,0.22813836064422596,0.22812208687739846,1.0,doc,9,1024
384,1536,384,0.25,0.0032127928620831,0.999997217205493,0.06663005428639614,0.06827533135092617,1.0,doc,9,1024
384,1536,384,0.25,9.507973944316131e-05,0.9999826326800656,0.14645924456790332,0.14665264060990527,1.0,doc,9,1024
384,1536,384,0.25,0.00018099867983126363,0.9999919757170443,0.13223301299031223,0.13224628615176626,1.0,doc,9,1024
512,1536,512,0.3333333333333333,0.0002368056875520097,0.9999942332451182,0.22813836064422596,0.22811784243743863,1.0,doc,9,1024
512,1536,512,0.3333333333333333,0.0011778560731547808,0.9999982342107143,0.06663005428639614,0.06642202084651311,1.0,doc,9,1024
512,1536,512,0.3333333333333333,4.321056412271757e-05,0.9999882765002501,0.14645924456790332,0.14661729611286037,0.95,doc,9,1024
512,1536,512,0.3333333333333333,8.069047295498082e-05,0.999995764340891,0.13223301299031223,0.1322474704804468,1.0,doc,9,1024
768,1536,768,0.5,8.473910596115813e-05,0.9999985136077532,0.22813836064422596,0.22810213927395356,1.0,doc,9,1024
768,1536,768,0.5,0.00036643572946200813,0.999999742954724,0.06663005428639614,0.06645214447807254,1.0,doc,9,1024
768,1536,768,0.5,8.670551064828062e-06,0.9999977648236891,0.14645924456790332,0.14649040908612695,1.0,doc,9,1024
768,1536,768,0.5,1.9682970953229228e-05,0.9999984242007007,0.13223301299031223,0.13222984301550464,1.0,doc,9,1024
1536,1536,1536,1.0,5.141962067713196e-07,0.9999999888241182,0.22813836064422596,0.2281380715589016,1.0,doc,9,1024
1536,1536,1536,1.0,2.62937251772741e-06,0.9999999999999998,0.06663005428639614,0.0666320749792865,1.0,doc,9,1024
1536,1536,1536,1.0,1.1619019570212333e-07,0.9999999999999998,0.14645924456790332,0.14645915893654726,1.0,doc,9,1024
1536,1536,1536,1.0,1.8535353673027056e-07,0.9999999999999998,0.13223301299031223,0.13223307783355884,1.0,doc,9,1024
64,1536,64,0.041666666666666664,0.027217201366596222,0.9991163677490879,0.26304144504108035,0.2715013016263436,1.0,doc,10,1024
64,1536,64,0.041666666666666664,0.024888401911747873,0.9987686301945495,0.29436480415512156,0.30550386597280965,0.9,doc,10,1024
64,1536,64,0.041666666666666664,0.014901992424836898,0.9996024962449036,0.1365833320558243,0.14643868733806964,0.95,doc,10,1024
64,1536,64,0.041666666666666664,0.8293555077065189,0.999771553805164,0.06887853773866646,0.8361601989723656,1.0,doc,10,1024
128,1536,128,0.08333333333333333,0.003631851342882212,0.9998889899685286,0.26304144504108035,0.2630263473268714,1.0,doc,10,1024
128,1536,128,0.08333333333333333,0.0023329192306742073,0.9997328852549887,0.29436480415512156,0.2949558984383109,0.9,doc,10,1024
128,1536,128,0.08333333333333333,0.0023137494945501855,0.9999139345361561,0.1365833320558243,0.13774180025423,1.0,doc,10,1024
128,1536,128,0.08333333333333333,0.041548777254610994,0.9999302960267504,0.06887853773866646,0.08487698359386571,1.0,doc,10,1024
256,1536,256,0.16666666666666666,0.0006029682943293434,0.9999811798154636,0.26304144504108035,0.2629032398265583,1.0,doc,10,1024
256,1536,256,0.16666666666666666,0.0002650576828149967,0.9999411031042127,0.29436480415512156,0.29443071960750905,1.0,doc,10,1024
256,1536,256,0.16666666666666666,0.00035809240217518217,0.9999795816644015,0.1365833320558243,0.13635532160115213,1.0,doc,10,1024
256,1536,256,0.16666666666666666,0.008185063701501027,0.9999938979686716,0.06887853773866646,0.06347619401743491,0.95,doc,10,1024
384,1536,384,0.25,0.00015499874365237085,0.9999905675559686,0.26304144504108035,0.2631434253212799,1.0,doc,10,1024
384,1536,384,0.25,0.00010070204678333584,0.9999748766182674,0.29436480415512156,0.2945656470125249,0.95,doc,10,1024
384,1536,384,0.25,9.071047554125456e-05,0.9999927803805162,0.1365833320558243,0.13657722146097245,1.0,doc,10,1024
384,1536,384,0.25,0.0024592759099894427,0.9999967254667046,0.06887853773866646,0.06855413386352102,1.0,doc,10,1024
512,1536,512,0.3333333333333333,6.959297955829104e-05,0.9999936073957512,0.26304144504108035,0.2631003113328651,1.0,doc,10,1024
512,1536,512,0.3333333333333333,4.280484678422516e-05,0.9999871589120948,0.29436480415512156,0.2943425464486889,1.0,doc,10,1024
512,1536,512,0.3333333333333333,4.245413177916439e-05,0.9999955743509046,0.1365833320558243,0.13658809099922314,1.0,doc,10,1024
512,1536,512,0.3333333333333333,0.0008853203506908519,0.9999979324619124,0.06887853773866646,0.0691001581595461,1.0,doc,10,1024
768,1536,768,0.5,1.3157840541864377e-05,0.9999988488841998,0.26304144504108035,0.26304512512282735,1.0,doc,10,1024
768,1536,768,0.5,9.657276665416562e-06,0.9999974966025318,0.29436480415512156,0.294365742328713,1.0,doc,10,1024
768,1536,768,0.5,8.644495551278612e-06,0.9999989718188969,0.1365833320558243,0.13657982999451618,1.0,doc,10,1024
768,1536,768,0.5,0.0002652576589566611,0.9999996535476716,0.06887853773866646,0.06894871578796832,1.0,doc,10,1024
1536,1536,1536,1.0,1.4213477301115153e-07,0.9999999999999998,0.26304144504108035,0.26304136722648935,1.0,doc,10,1024
1536,1536,1536,1.0,1.432321152688677e-07,0.9999999999999998,0.29436480415512156,0.2943647586008467,1.0,doc,10,1024
1536,1536,1536,1.0,1.39735599352727e-07,0.9999999999999998,0.1365833320558243,0.13658323812203527,1.0,doc,10,1024
1536,1536,1536,1.0,2.391113937736937e-06,0.9999999999999998,0.06887853773866646,0.06888075352368639,1.0,doc,10,1024
64,1536,64,0.041666666666666664,0.011673366652220574,0.9995718519776838,0.35398035766917824,0.3518483795636654,0.95,doc,11,1024
64,1536,64,0.041666666666666664,0.027747445417495274,0.9994252691152277,0.3011106087193577,0.3059131361136631,0.95,doc,11,1024
64,1536,64,0.041666666666666664,0.01824264463863135,0.9996061060546454,0.5558773938826232,0.5643415232863914,0.95,doc,11,1024
64,1536,64,0.041666666666666664,0.017314555884349356,0.9996855777483726,0.572684167563389,0.5737213530690352,0.95,doc,11,1024
128,1536,128,0.08333333333333333,0.001524385320879349,0.9999190195622629,0.35398035766917824,0.3561488963365399,1.0,doc,11,1024
128,1536,128,0.08333333333333333,0.010616394736010356,0.9999399631642942,0.3011106087193577,0.3007706861424511,0.95,doc,11,1024
128,1536,128,0.08333333333333333,0.0016255658949224136,0.9999027363028394,0.5558773938826232,0.5554857109081303,1.0,doc,11,1024
128,1536,128,0.08333333333333333,0.001635325921049604,0.9999408348830554,0.572684167563389,0.5702211968610331,0.95,doc,11,1024
256,1536,256,0.16666666666666666,0.00020698032573574193,0.9999750666082539,0.35398035766917824,0.35431609823769594,1.0,doc,11,1024
256,1536,256,0.16666666666666666,0.0013565439817837953,0.9999853707710462,0.3011106087193577,0.3001023285922082,1.0,doc,11,1024
256,1536,256,0.16666666666666666,0.00016291642189060214,0.9999813027501607,0.5558773938826232,0.555793137789976,1.0,doc,11,1024
256,1536,256,0.16666666666666666,0.00015629540632202654,0.999989181746656,0.572684167563389,0.5726578116093258,1.0,doc,11,1024
384,1536,384,0.25,0.00013134680479478736,0.9999886006008152,0.35398035766917824,0.3388249567571307,0.95,doc,11,1024
384,1536,384,0.25,0.000594787511755968,0.9999919645411628,0.3011106087193577,0.3013185981263961,1.0,doc,11,1024
384,1536,384,0.25,6.964004924346665e-05,0.9999906793147841,0.5558773938826232,0.5560022057078551,1.0,doc,11,1024
384,1536,384,0.25,4.61361052830283e-05,0.9999947249839065,0.572684167563389,0.5726463445827135,1.0,doc,11,1024
512,1536,512,0.3333333333333333,5.1481384270578035e-05,0.9999925903905298,0.35398035766917824,0.35401806592985585,1.0,doc,11,1024
512,1536,512,0.3333333333333333,0.0002415562551848319,0.9999948479186036,0.3011106087193577,0.30130300286608924,1.0,doc,11,1024
512,1536,512,0.3333333333333333,3.467068430939769e-05,0.999995138491524,0.5558773938826232,0.5559099750268418,1.0,doc,11,1024
512,1536,512,0.3333333333333333,2.4198875333817207e-05,0.9999967701702308,0.572684167563389,0.5726924548409235,1.0,doc,11,1024
768,1536,768,0.5,1.046873836779472e-05,0.9999978318789784,0.35398035766917824,0.353958442991793,1.0,doc,11,1024
768,1536,768,0.5,9.769949958047302e-05,0.9999987371253842,0.3011106087193577,0.3012033499893067,1.0,doc,11,1024
768,1536,768,0.5,7.620800595487397e-06,0.9999983124418852,0.5558773938826232,0.5558380335985643,1.0,doc,11,1024
768,1536,768,0.5,1.0461705727685113e-05,0.9999990612259493,0.572684167563389,0.5726756952930858,1.0,doc,11,1024
1536,1536,1536,1.0,1.814256259740069e-07,0.9999999999999998,0.35398035766917824,0.353980514439119,1.0,doc,11,1024
1536,1536,1536,1.0,6.220084631662398e-07,0.9999999999999998,0.3011106087193577,0.3011100769866886,1.0,doc,11,1024
1536,1536,1536,1.0,2.3193786566327117e-07,0.9999999999999998,0.5558773938826232,0.5558775370988764,1.0,doc,11,1024
1536,1536,1536,1.0,2.2077149679798229e-07,0.9999999999999998,0.572684167563389,0.572684016833462,1.0,doc,11,1024
64,1536,64,0.041666666666666664,0.007713530662119483,0.9999613649774692,0.35313081294560184,0.3465434647014654,1.0,needle,0,1024
64,1536,64,0.041666666666666664,0.015199939777654244,0.9999935068128172,0.004039460376346798,0.017007834217995284,1.0,needle,0,1024
64,1536,64,0.041666666666666664,0.006220989181053678,0.9999711215220655,0.6361797660244237,0.6383565415167414,1.0,needle,0,1024
64,1536,64,0.041666666666666664,0.0026762237551907495,0.9999948143909589,0.5906532280377058,0.5913675562010726,1.0,needle,0,1024
128,1536,128,0.08333333333333333,0.005089355365080493,0.999979592840283,0.35313081294560184,0.3610370609560937,0.95,needle,0,1024
128,1536,128,0.08333333333333333,0.011036417892556778,0.9999953843609182,0.004039460376346798,0.012651913435857223,1.0,needle,0,1024
128,1536,128,0.08333333333333333,0.004894842988949667,0.9999829791323938,0.6361797660244237,0.6380971779124587,1.0,needle,0,1024
128,1536,128,0.08333333333333333,0.0017541268708501073,0.9999962113761531,0.5906532280377058,0.5900385571167356,1.0,needle,0,1024
256,1536,256,0.16666666666666666,0.0021944837910917005,0.9999931044810813,0.35313081294560184,0.35306739887548005,1.0,needle,0,1024
256,1536,256,0.16666666666666666,0.006988780288492952,0.9999977089442813,0.004039460376346798,0.008651356038326232,1.0,needle,0,1024
256,1536,256,0.16666666666666666,0.0032402090618311,0.9999931156569628,0.6361797660244237,0.6380160753893104,1.0,needle,0,1024
256,1536,256,0.16666666666666666,0.0009407384005461686,0.9999977648236891,0.5906532280377058,0.5902435949565075,1.0,needle,0,1024
384,1536,384,0.25,0.001639000274698004,0.9999971389743221,0.35313081294560184,0.35442603414484597,1.0,needle,0,1024
384,1536,384,0.25,0.005093279855115843,0.9999986253665687,0.004039460376346798,0.00664034605133207,1.0,needle,0,1024
384,1536,384,0.25,0.0023666165830351017,0.9999966025320075,0.6361797660244237,0.6376274771894764,1.0,needle,0,1024
384,1536,384,0.25,0.0007237677910893714,0.9999984130248192,0.5906532280377058,0.5902802209636433,1.0,needle,0,1024
512,1536,512,0.3333333333333333,0.0010153537466925531,0.9999987371253842,0.35313081294560184,0.3533225988960176,1.0,needle,0,1024
512,1536,512,0.3333333333333333,0.003029598989640706,0.9999994635576852,0.004039460376346798,0.005264392605448572,1.0,needle,0,1024
512,1536,512,0.3333333333333333,0.0015382245005300212,0.9999985247836347,0.6361797660244237,0.63659853898895,1.0,needle,0,1024
512,1536,512,0.3333333333333333,0.00040839507766666843,0.999999217688291,0.5906532280377058,0.5906424891425247,1.0,needle,0,1024
768,1536,768,0.5,0.00025601099950466245,0.9999998211858949,0.35313081294560184,0.3533124553147961,1.0,needle,0,1024
768,1536,768,0.5,0.001198559748065048,0.9999999105929473,0.004039460376346798,0.004126810845161908,1.0,needle,0,1024
768,1536,768,0.5,0.00037067773456834834,0.9999997541306056,0.6361797660244237,0.6363040141981509,1.0,needle,0,1024
768,1536,768,0.5,0.00015594098317519355,0.9999997653064872,0.5906532280377058,0.590559951408435,1.0,needle,0,1024
1536,1536,1536,1.0,3.5820335117261774e-07,0.9999999999999998,0.35313081294560184,0.35313083244024074,1.0,needle,0,1024
1536,1536,1536,1.0,3.7227760447147086e-07,0.9999999999999998,0.004039460376346798,0.004039514630007802,1.0,needle,0,1024
1536,1536,1536,1.0,2.934885086573237e-07,0.9999999999999998,0.6361797660244237,0.6361797735754712,1.0,needle,0,1024
1536,1536,1536,1.0,3.339214663458749e-07,0.9999999999999998,0.5906532280377058,0.5906528906948837,1.0,needle,0,1024
64,1536,64,0.041666666666666664,0.015114386204896323,0.9999790899256131,0.020666566493668978,0.02561177134693357,1.0,needle,1,1024
64,1536,64,0.041666666666666664,0.003233257136940937,0.9999501890959157,0.45847146482395007,0.4583080713526099,0.95,needle,1,1024
64,1536,64,0.041666666666666664,0.008558008844652652,0.9999561234890206,0.4082397480328356,0.3992192120932781,1.0,needle,1,1024
64,1536,64,0.041666666666666664,0.005006314163274698,0.9998959301909733,1.1666749950902555,1.171884456511831,1.0,needle,1,1024
128,1536,128,0.08333333333333333,0.00744229549785017,0.9999951496674055,0.020666566493668978,0.023436975506045718,1.0,needle,1,1024
128,1536,128,0.08333333333333333,0.0007877081338680796,0.9999921545311492,0.45847146482395007,0.4576516807796168,1.0,needle,1,1024
128,1536,128,0.08333333333333333,0.0020994711128250907,0.9999897517166152,0.4082397480328356,0.40576147313886823,1.0,needle,1,1024
128,1536,128,0.08333333333333333,0.0012955227733093622,0.9999855607610326,1.1666749950902555,1.166222758801038,1.0,needle,1,1024
256,1536,256,0.16666666666666666,0.0013500961431577839,0.999997217205493,0.020666566493668978,0.020553191309492,1.0,needle,1,1024
256,1536,256,0.16666666666666666,0.00018859857592222525,0.9999959878585221,0.45847146482395007,0.4582188741575563,1.0,needle,1,1024
256,1536,256,0.16666666666666666,0.0003969583839063025,0.9999968484014017,0.4082397480328356,0.40841476297944834,1.0,needle,1,1024
256,1536,256,0.16666666666666666,0.00021851472547202417,0.9999954961197337,1.1666749950902555,1.1664844691993534,1.0,needle,1,1024
384,1536,384,0.25,0.0007919535928299836,0.9999985694871609,0.020666566493668978,0.02047371236904207,1.0,needle,1,1024
384,1536,384,0.25,0.00011508696120198318,0.9999970383913881,0.45847146482395007,0.45839742470365674,1.0,needle,1,1024
384,1536,384,0.25,0.00019131376495877019,0.999998167155425,0.4082397480328356,0.40835726429125496,1.0,needle,1,1024
384,1536,384,0.25,0.00012103387806915647,0.9999975301301764,1.1666749950902555,1.1665030518008008,1.0,needle,1,1024
512,1536,512,0.3333333333333333,0.0004055091858344322,0.9999994300300405,0.020666566493668978,0.020693914094630155,1.0,needle,1,1024
512,1536,512,0.3333333333333333,6.461286783262286e-05,0.9999978765825046,0.45847146482395007,0.45842015944484227,1.0,needle,1,1024
512,1536,512,0.3333333333333333,9.772513728446371e-05,0.9999988265324367,0.4082397480328356,0.40827502482667044,1.0,needle,1,1024
512,1536,512,0.3333333333333333,7.003903442508453e-05,0.9999985583112794,1.1666749950902555,1.1665730656342397,1.0,needle,1,1024
768,1536,768,0.5,0.00013908575073301238,0.9999998323617765,0.020666566493668978,0.02067346770215825,1.0,needle,1,1024
768,1536,768,0.5,2.065546408470045e-05,0.9999992623918172,0.45847146482395007,0.45847801159444895,1.0,needle,1,1024
768,1536,768,0.5,2.2906143294923172e-05,0.9999997206029609,0.4082397480328356,0.40825465059988636,1.0,needle,1,1024
768,1536,768,0.5,2.0776939327291783e-05,0.9999995641406192,1.1666749950902555,1.1666492525516163,1.0,needle,1,1024
1536,1536,1536,1.0,8.307001165621716e-07,0.9999999999999998,0.020666566493668978,0.02066607474912943,1.0,needle,1,1024
1536,1536,1536,1.0,1.0925300447105147e-07,0.9999999999999998,0.45847146482395007,0.45847146126052424,1.0,needle,1,1024
1536,1536,1536,1.0,1.297129234560147e-07,0.9999999999999998,0.4082397480328356,0.40823978274902695,1.0,needle,1,1024
1536,1536,1536,1.0,1.275646213824254e-07,0.9999999999999998,1.1666749950902555,1.1666750279166545,1.0,needle,1,1024
64,1536,64,0.041666666666666664,0.017685139211634737,0.999994311476289,0.004045355173367968,0.019472627038615263,0.95,needle,2,1024
64,1536,64,0.041666666666666664,0.02634864817863767,0.9999968260496386,0.00024915669841488533,0.026461435841657412,1.0,needle,2,1024
64,1536,64,0.041666666666666664,0.035287049019599795,0.9999887682390385,0.03618923374598651,0.04149920564328708,1.0,needle,2,1024
64,1536,64,0.041666666666666664,0.02753787696860358,0.9999968707531648,0.00010661744710429118,0.027557208373601524,1.0,needle,2,1024
128,1536,128,0.08333333333333333,0.007839324078261907,0.9999968372255201,0.004045355173367968,0.01043709985908096,0.95,needle,2,1024
128,1536,128,0.08333333333333333,0.011327942152166592,0.9999977536478075,0.00024915669841488533,0.011428725110144679,1.0,needle,2,1024
128,1536,128,0.08333333333333333,0.01641453727257464,0.9999947361597881,0.03618923374598651,0.03632213947770963,1.0,needle,2,1024
128,1536,128,0.08333333333333333,0.01219185911562766,0.999997865406623,0.00010661744710429118,0.01219488317087329,1.0,needle,2,1024
256,1536,256,0.16666666666666666,0.0039053298857405403,0.9999974071954794,0.004045355173367968,0.0056777226928889845,0.95,needle,2,1024
256,1536,256,0.16666666666666666,0.006091270095684953,0.9999981783313066,0.00024915669841488533,0.006257320963387808,1.0,needle,2,1024
256,1536,256,0.16666666666666666,0.004047206571294916,0.9999967366425861,0.03618923374598651,0.048171497652263286,0.95,needle,2,1024
256,1536,256,0.16666666666666666,0.00543984307968567,0.999998368321293,0.00010661744710429118,0.005393556163349555,1.0,needle,2,1024
384,1536,384,0.25,0.00178671227092396,0.9999987259495027,0.004045355173367968,0.006709221235136707,0.95,needle,2,1024
384,1536,384,0.25,0.003277432823719104,0.9999990053465415,0.00024915669841488533,0.003173710482625576,1.0,needle,2,1024
384,1536,384,0.25,0.002518448126305679,0.999998066572491,0.03618923374598651,0.03650490313767052,1.0,needle,2,1024
384,1536,384,0.25,0.0031430212253149583,0.9999990500500677,0.00010661744710429118,0.003095723645562259,1.0,needle,2,1024
512,1536,512,0.3333333333333333,0.00104711521989244,0.999999418854159,0.004045355173367968,0.004433859336200425,1.0,needle,2,1024
512,1536,512,0.3333333333333333,0.0023908204776228108,0.9999996311959085,0.00024915669841488533,0.0022530089674995574,1.0,needle,2,1024
512,1536,512,0.3333333333333333,0.0018580805539124747,0.9999988265324367,0.03618923374598651,0.03692145371724061,1.0,needle,2,1024
512,1536,512,0.3333333333333333,0.0017561456525935393,0.9999995641406192,0.00010661744710429118,0.0017077824713094254,1.0,needle,2,1024
768,1536,768,0.5,0.00022278419573903063,0.9999998100100134,0.004045355173367968,0.004126410263737197,1.0,needle,2,1024
768,1536,768,0.5,0.0004399495915818273,0.9999999217688289,0.00024915669841488533,0.0004913104793727761,1.0,needle,2,1024
768,1536,768,0.5,0.00047099496977244824,0.9999997876582503,0.03618923374598651,0.03610352419074515,1.0,needle,2,1024
768,1536,768,0.5,0.0005922441439872938,0.9999998658894211,0.00010661744710429118,0.0005814301539736746,1.0,needle,2,1024
1536,1536,1536,1.0,1.2815131984611929e-06,0.9999999999999998,0.004045355173367968,0.004045243353904289,1.0,needle,2,1024
1536,1536,1536,1.0,7.303508681589757e-07,0.9999999999999998,0.00024915669841488533,0.00024935380622160826,1.0,needle,2,1024
1536,1536,1536,1.0,7.951929282656222e-07,0.9999999999999998,0.03618923374598651,0.03618955684494233,1.0,needle,2,1024
1536,1536,1536,1.0,1.2092706584028244e-06,0.9999999999999998,0.00010661744710429118,0.00010630631432727524,1.0,needle,2,1024
64,1536,64,0.041666666666666664,0.007978732284213842,0.999568745082612,0.3125594767693647,0.3110545036823315,1.0,needle,3,1024
64,1536,64,0.041666666666666664,0.07935469215400458,0.9999934174057648,0.0008658865636610848,0.07969960886638383,1.0,needle,3,1024
64,1536,64,0.041666666666666664,0.03724571689104243,0.9999958425720619,0.006096912077432009,0.03897057400484887,1.0,needle,3,1024
64,1536,64,0.041666666666666664,0.06277077477936305,0.9999934956369356,0.0029551315506605633,0.06338926414970406,0.95,needle,3,1024
128,1536,128,0.08333333333333333,0.001978562246586449,0.99996424835491,0.3125594767693647,0.31283698375905095,1.0,needle,3,1024
128,1536,128,0.08333333333333333,0.0173371581444154,0.9999970830949143,0.0008658865636610848,0.01748213488256101,0.95,needle,3,1024
128,1536,128,0.08333333333333333,0.01012450000378592,0.9999976530648735,0.006096912077432009,0.011397650324593184,1.0,needle,3,1024
128,1536,128,0.08333333333333333,0.009901707010695539,0.9999968036978755,0.0029551315506605633,0.010229298190139947,0.95,needle,3,1024
256,1536,256,0.16666666666666666,0.0003715601759652944,0.9999893493848793,0.3125594767693647,0.3126228033035394,1.0,needle,3,1024
256,1536,256,0.16666666666666666,0.011026285520487547,0.9999981559795434,0.0008658865636610848,0.011204947277474734,1.0,needle,3,1024
256,1536,256,0.16666666666666666,0.005332962521105326,0.9999982342107143,0.006096912077432009,0.0075928502808038124,1.0,needle,3,1024
256,1536,256,0.16666666666666666,0.0029871559233901035,0.9999980442207279,0.0029551315506605633,0.004244746190665516,1.0,needle,3,1024
384,1536,384,0.25,0.00015610441971740627,0.9999937303304482,0.3125594767693647,0.3125834477825752,1.0,needle,3,1024
384,1536,384,0.25,0.0044078978042083414,0.9999986477183318,0.0008658865636610848,0.00464714617094706,1.0,needle,3,1024
384,1536,384,0.25,0.0029882506548152095,0.9999989159394891,0.006096912077432009,0.006449077883358519,1.0,needle,3,1024
384,1536,384,0.25,0.0018725622460917272,0.9999985247836347,0.0029551315506605633,0.0032978705635898346,0.95,needle,3,1024
512,1536,512,0.3333333333333333,8.105575618872804e-05,0.9999960772655745,0.3125594767693647,0.31257866937035206,1.0,needle,3,1024
512,1536,512,0.3333333333333333,0.0016106800539693758,0.9999993517988697,0.0008658865636610848,0.0019819344411852913,1.0,needle,3,1024
512,1536,512,0.3333333333333333,0.0012875233610267125,0.9999993294471066,0.006096912077432009,0.005822202001206347,1.0,needle,3,1024
512,1536,512,0.3333333333333333,0.0010943019286484416,0.9999990947535939,0.0029551315506605633,0.002953349182846125,1.0,needle,3,1024
768,1536,768,0.5,3.059371781085748e-05,0.9999991953365279,0.3125594767693647,0.3125466512850559,1.0,needle,3,1024
768,1536,768,0.5,0.000489016136346303,0.9999999105929473,0.0008658865636610848,0.0009832034007850239,1.0,needle,3,1024
768,1536,768,0.5,0.0003009512157671057,0.9999999329447105,0.006096912077432009,0.006116681077083168,1.0,needle,3,1024
768,1536,768,0.5,0.00035317971142876395,0.9999998100100134,0.0029551315506605633,0.0028475627065225107,1.0,needle,3,1024
1536,1536,1536,1.0,8.848666604537534e-08,0.9999999999999998,0.3125594767693647,0.31255950976725205,1.0,needle,3,1024
1536,1536,1536,1.0,3.5848386407800233e-06,0.9999999999999998,0.0008658865636610848,0.000866727074236327,1.0,needle,3,1024
1536,1536,1536,1.0,2.443128499721517e-06,0.9999999999999998,0.006096912077432009,0.006096319723505615,1.0,needle,3,1024
1536,1536,1536,1.0,1.8622535074308378e-06,0.9999999999999998,0.0029551315506605633,0.0029554114364120487,1.0,needle,3,1024
64,1536,64,0.041666666666666664,0.24139492950565045,0.9999866112938987,0.0012525918452777334,0.24187262464613676,0.95,needle,4,1024
64,1536,64,0.041666666666666664,0.08036159769746296,0.9999785199556539,0.006807787152844171,0.08011766807311041,1.0,needle,4,1024
64,1536,64,0.041666666666666664,0.07871769525427998,0.9999871365603317,0.03781888302554216,0.09316262985709929,1.0,needle,4,1024
64,1536,64,0.041666666666666664,0.1844916969323028,0.9999798275337957,0.042430076783475566,0.20416860782626134,0.95,needle,4,1024
128,1536,128,0.08333333333333333,0.027509637135212858,0.9999957978685357,0.0012525918452777334,0.027576798200781735,1.0,needle,4,1024
128,1536,128,0.08333333333333333,0.01784144504636883,0.9999942555968813,0.006807787152844171,0.020902107791766576,1.0,needle,4,1024
128,1536,128,0.08333333333333333,0.016487324991973067,0.999994412059223,0.03781888302554216,0.03999591434949263,1.0,needle,4,1024
128,1536,128,0.08333333333333333,0.02912558655630435,0.9999922551140832,0.042430076783475566,0.053519342691896885,1.0,needle,4,1024
256,1536,256,0.16666666666666666,0.004368427704177417,0.9999969489843357,0.0012525918452777334,0.004907028794089205,1.0,needle,4,1024
256,1536,256,0.16666666666666666,0.006643868753159083,0.9999965801802444,0.006807787152844171,0.0105688679894897,1.0,needle,4,1024
256,1536,256,0.16666666666666666,0.003458681847420521,0.9999965690043628,0.03781888302554216,0.037912408273181174,1.0,needle,4,1024
256,1536,256,0.16666666666666666,0.004922606347109126,0.9999957866926541,0.042430076783475566,0.044259782156958215,1.0,needle,4,1024
384,1536,384,0.25,0.002279263730693709,0.9999981895071881,0.0012525918452777334,0.002700622491494207,1.0,needle,4,1024
384,1536,384,0.25,0.0024233928747532667,0.999997965989557,0.006807787152844171,0.00753813685229613,1.0,needle,4,1024
384,1536,384,0.25,0.0016727730398592147,0.9999974518990056,0.03781888302554216,0.038271902576730576,1.0,needle,4,1024
384,1536,384,0.25,0.002406284714394855,0.9999972730849007,0.042430076783475566,0.04169491009064207,1.0,needle,4,1024
512,1536,512,0.3333333333333333,0.0011272647525698526,0.9999990724018308,0.0012525918452777334,0.0015736339548105412,1.0,needle,4,1024
512,1536,512,0.3333333333333333,0.002793850996281846,0.9999989159394891,0.006807787152844171,0.008460572151012407,1.0,needle,4,1024
512,1536,512,0.3333333333333333,0.002465533045870676,0.9999984577283454,0.03781888302554216,0.038092701036444694,1.0,needle,4,1024
512,1536,512,0.3333333333333333,0.0020672503151705933,0.9999983571454114,0.042430076783475566,0.041449222114356296,1.0,needle,4,1024
768,1536,768,0.5,0.00034895024030275653,0.9999997988341318,0.0012525918452777334,0.001354351718249797,1.0,needle,4,1024
768,1536,768,0.5,0.000707394650942504,0.9999999105929473,0.006807787152844171,0.00711025344489882,1.0,needle,4,1024
768,1536,768,0.5,0.00022436682331379543,0.9999996870753163,0.03781888302554216,0.037816479841283855,1.0,needle,4,1024
768,1536,768,0.5,0.0004155968723936015,0.999999620020027,0.042430076783475566,0.04244915235589054,1.0,needle,4,1024
1536,1536,1536,1.0,8.334182958046433e-07,0.9999999999999998,0.0012525918452777334,0.0012527995169989523,1.0,needle,4,1024
1536,1536,1536,1.0,8.492631575459563e-07,0.9999999999999998,0.006807787152844171,0.006808015415122989,1.0,needle,4,1024
1536,1536,1536,1.0,7.064864054406557e-07,0.9999999999999998,0.03781888302554216,0.037818988523897736,1.0,needle,4,1024
1536,1536,1536,1.0,1.516478866128454e-06,0.9999999999999998,0.042430076783475566,0.042430009208735416,1.0,needle,4,1024
64,1536,64,0.041666666666666664,0.0662955057156008,0.9968193105822185,0.10128947216635492,0.11397079042299577,1.0,needle,5,1024
64,1536,64,0.041666666666666664,0.2526072028040637,0.9999505131964808,0.009950755635465817,0.2545792298069748,1.0,needle,5,1024
64,1536,64,0.041666666666666664,0.8299407431731853,0.9998988359201773,0.0016116039329550583,0.8312359900023806,0.9,needle,5,1024
64,1536,64,0.041666666666666664,0.10992593770776674,0.9994581932622844,0.4030684469392361,0.4627121617416341,0.9,needle,5,1024
128,1536,128,0.08333333333333333,0.003122134864853178,0.9996252950432728,0.10128947216635492,0.10406198032780706,0.95,needle,5,1024
128,1536,128,0.08333333333333333,0.023155224175348606,0.999989405264287,0.009950755635465817,0.025082752075489184,1.0,needle,5,1024
128,1536,128,0.08333333333333333,0.04185625731716297,0.9999842643587724,0.0016116039329550583,0.041337986463594864,0.9,needle,5,1024
128,1536,128,0.08333333333333333,0.0031652927750055147,0.9999366439274728,0.4030684469392361,0.4009502195396268,1.0,needle,5,1024
256,1536,256,0.16666666666666666,0.00043067060559698025,0.9999614767362848,0.10128947216635492,0.10163676638360944,1.0,needle,5,1024
256,1536,256,0.16666666666666666,0.005443642613011024,0.9999958202202988,0.009950755635465817,0.011759609797242956,1.0,needle,5,1024
256,1536,256,0.16666666666666666,0.011090365287041703,0.9999952502503395,0.0016116039329550583,0.01217363213397502,0.95,needle,5,1024
256,1536,256,0.16666666666666666,0.0003133757584854836,0.9999840631929044,0.4030684469392361,0.4028854013257377,1.0,needle,5,1024
384,1536,384,0.25,0.00011331461779932752,0.9999842084793646,0.10128947216635492,0.10132298299185753,1.0,needle,5,1024
384,1536,384,0.25,0.0031884708227422347,0.9999967589943493,0.009950755635465817,0.009943342505557836,1.0,needle,5,1024
384,1536,384,0.25,0.005543837304193839,0.9999964684214289,0.0016116039329550583,0.004507208898041355,0.95,needle,5,1024
384,1536,384,0.25,9.586815247825176e-05,0.999989304681353,0.4030684469392361,0.40301101521858074,1.0,needle,5,1024
512,1536,512,0.3333333333333333,7.72659777938965e-05,0.9999918527823473,0.10128947216635492,0.10134514919914724,1.0,needle,5,1024
512,1536,512,0.3333333333333333,0.0009696559421047154,0.9999983794971745,0.009950755635465817,0.010016961992330237,1.0,needle,5,1024
512,1536,512,0.3333333333333333,0.0019460331267556982,0.999998167155425,0.0016116039329550583,0.001754564261568689,0.95,needle,5,1024
512,1536,512,0.3333333333333333,5.874814490822331e-05,0.9999946914562619,0.4030684469392361,0.4029786167514566,1.0,needle,5,1024
768,1536,768,0.5,1.71786471147159e-05,0.9999982900901221,0.10128947216635492,0.10130574286541585,1.0,needle,5,1024
768,1536,768,0.5,0.0003032749792373315,0.9999997094270794,0.009950755635465817,0.009982266396127133,1.0,needle,5,1024
768,1536,768,0.5,0.00042061404591992805,0.9999997317788425,0.0016116039329550583,0.0014664492863249007,1.0,needle,5,1024
768,1536,768,0.5,1.9402391647677686e-05,0.9999985359595163,0.4030684469392361,0.4030919798640605,1.0,needle,5,1024
1536,1536,1536,1.0,1.1821786446797799e-07,0.9999999999999998,0.10128947216635492,0.10128958527932161,1.0,needle,5,1024
1536,1536,1536,1.0,1.885712217568742e-06,0.9999999999999998,0.009950755635465817,0.009951080710693417,1.0,needle,5,1024
1536,1536,1536,1.0,1.064704453211031e-06,0.9999999999999998,0.0016116039329550583,0.001610806885639349,1.0,needle,5,1024
1536,1536,1536,1.0,1.4301825031572708e-07,0.9999999999999998,0.4030684469392361,0.4030683086735955,1.0,needle,5,1024
64,1536,64,0.041666666666666664,0.163735998376144,0.9999564252378226,0.007657228463995862,0.16820201965529546,1.0,needle,6,1024
64,1536,64,0.041666666666666664,0.35422490846964166,0.9997538512087831,0.1484437066744261,0.30053190760798054,1.0,needle,6,1024
64,1536,64,0.041666666666666664,0.09311792763133162,0.9991634629139545,0.32897040161535784,0.3623638017259227,0.9,needle,6,1024
64,1536,64,0.041666666666666664,0.9930626724431969,0.9954775118911378,0.2992562774662123,0.8946670608096199,0.9,needle,6,1024
128,1536,128,0.08333333333333333,0.03964067929838107,0.9999872706709103,0.007657228463995862,0.03999299307674427,1.0,needle,6,1024
128,1536,128,0.08333333333333333,0.02090442944952724,0.9999584145447391,0.1484437066744261,0.14749706634746676,1.0,needle,6,1024
128,1536,128,0.08333333333333333,0.004257890449896928,0.9998771770617264,0.32897040161535784,0.32472331774891083,0.95,needle,6,1024
128,1536,128,0.08333333333333333,0.029752114083111125,0.9993564592125025,0.2992562774662123,0.31835944071329525,0.9,needle,6,1024
256,1536,256,0.16666666666666666,0.008650640460165605,0.9999951831950502,0.007657228463995862,0.011309290759952531,1.0,needle,6,1024
256,1536,256,0.16666666666666666,0.0035125162109093735,0.9999874494850152,0.1484437066744261,0.1488385989407688,1.0,needle,6,1024
256,1536,256,0.16666666666666666,0.0003817101737287558,0.9999790899256131,0.32897040161535784,0.32917368451523515,1.0,needle,6,1024
256,1536,256,0.16666666666666666,0.002185438917756955,0.9999555758708245,0.2992562774662123,0.3003846594856632,0.95,needle,6,1024
384,1536,384,0.25,0.003040337647820602,0.9999959766826405,0.007657228463995862,0.007808572884622147,1.0,needle,6,1024
384,1536,384,0.25,0.0009531391993404301,0.9999911710535725,0.1484437066744261,0.1486312648820537,1.0,needle,6,1024
384,1536,384,0.25,0.00010324897971565954,0.9999907351941919,0.32897040161535784,0.3290289255280045,1.0,needle,6,1024
384,1536,384,0.25,0.0004645462777809623,0.9999906010836133,0.2992562774662123,0.2998480398509202,0.95,needle,6,1024
512,1536,512,0.3333333333333333,0.0020992762794454236,0.999998591838924,0.007657228463995862,0.008120162087413112,1.0,needle,6,1024
512,1536,512,0.3333333333333333,0.0004900967390315638,0.9999951273156424,0.1484437066744261,0.148849162812021,1.0,needle,6,1024
512,1536,512,0.3333333333333333,5.077513352330279e-05,0.9999938420892638,0.32897040161535784,0.3290299841157207,1.0,needle,6,1024
512,1536,512,0.3333333333333333,0.0001882630187708352,0.9999960437379298,0.2992562774662123,0.2992658776868344,1.0,needle,6,1024
768,1536,768,0.5,0.0005201815352019848,0.9999998547135396,0.007657228463995862,0.007735300423586946,1.0,needle,6,1024
768,1536,768,0.5,0.00017901483418764983,0.9999989718188969,0.1484437066744261,0.14840127191059455,1.0,needle,6,1024
768,1536,768,0.5,1.2881198823592882e-05,0.9999978989342677,0.32897040161535784,0.3289376566766888,1.0,needle,6,1024
768,1536,768,0.5,4.23666721571485e-05,0.9999992512159357,0.2992562774662123,0.29926483665231396,1.0,needle,6,1024
1536,1536,1536,1.0,1.4206869551490547e-06,0.9999999999999998,0.007657228463995862,0.007657408630408329,1.0,needle,6,1024
1536,1536,1536,1.0,1.5312250237973761e-06,0.9999999999999998,0.1484437066744261,0.14844314675571627,1.0,needle,6,1024
1536,1536,1536,1.0,1.42727207075913e-07,0.9999999999999998,0.32897040161535784,0.3289702869203816,1.0,needle,6,1024
1536,1536,1536,1.0,7.381284034634601e-07,0.9999999888241182,0.2992562774662123,0.2992558375312743,1.0,needle,6,1024
64,1536,64,0.041666666666666664,1.016394386580295,0.9999553747049565,0.002655100416595025,1.014548487082694,1.0,needle,7,1024
64,1536,64,0.041666666666666664,1.4850274051245123,0.9999317377154708,0.0514873987438354,1.5065818194020681,1.0,needle,7,1024
64,1536,64,0.041666666666666664,0.2628817485290782,0.998761533509763,0.5785182373337603,0.709248475689541,0.95,needle,7,1024
64,1536,64,0.041666666666666664,1.2194855655588284,0.9999217129497173,0.012025173026216614,1.2276398083795215,0.95,needle,7,1024
128,1536,128,0.08333333333333333,0.11200146167993515,0.9999871924397394,0.002655100416595025,0.11196156849219219,1.0,needle,7,1024
128,1536,128,0.08333333333333333,0.17899365363187938,0.9999767876940131,0.0514873987438354,0.1754585136818313,1.0,needle,7,1024
128,1536,128,0.08333333333333333,0.03916663277666456,0.9998040867963663,0.5785182373337603,0.5904353108116227,0.95,needle,7,1024
128,1536,128,0.08333333333333333,0.1836068571036219,0.9999758489199626,0.012025173026216614,0.18671527337689475,0.95,needle,7,1024
256,1536,256,0.16666666666666666,0.011135987270805552,0.999996490773192,0.002655100416595025,0.012000584783338531,1.0,needle,7,1024
256,1536,256,0.16666666666666666,0.01353540362140243,0.9999930038981473,0.0514873987438354,0.05521983656102788,1.0,needle,7,1024
256,1536,256,0.16666666666666666,0.0029300163351795297,0.9999663941241683,0.5785182373337603,0.5790752036981713,1.0,needle,7,1024
256,1536,256,0.16666666666666666,0.01352688901545196,0.9999931268328444,0.012025173026216614,0.017642829745936943,1.0,needle,7,1024
384,1536,384,0.25,0.0070882827564449045,0.9999970719190328,0.002655100416595025,0.0064390543889247,1.0,needle,7,1024
384,1536,384,0.25,0.002766634992831101,0.9999953843609182,0.0514873987438354,0.051652106933194934,1.0,needle,7,1024
384,1536,384,0.25,0.0005831966806688243,0.9999843202381802,0.5785182373337603,0.5786965184361351,1.0,needle,7,1024
384,1536,384,0.25,0.004713998509972088,0.9999952837779842,0.012025173026216614,0.015312407174379695,1.0,needle,7,1024
512,1536,512,0.3333333333333333,0.003066307349012751,0.9999982789142405,0.002655100416595025,0.0023651441218138104,1.0,needle,7,1024
512,1536,512,0.3333333333333333,0.0012551480339811094,0.9999973066125454,0.0514873987438354,0.05144343062475645,1.0,needle,7,1024
512,1536,512,0.3333333333333333,0.0002283332017514942,0.9999905340283239,0.5785182373337603,0.5785506097277654,1.0,needle,7,1024
512,1536,512,0.3333333333333333,0.0019938606259230223,0.999997440723124,0.012025173026216614,0.013067365679301316,1.0,needle,7,1024
768,1536,768,0.5,0.0005067771321146525,0.999999742954724,0.002655100416595025,0.002434887130324324,1.0,needle,7,1024
768,1536,768,0.5,0.00029089869747966424,0.9999994635576852,0.0514873987438354,0.05148762973125026,1.0,needle,7,1024
768,1536,768,0.5,5.1737597412041816e-05,0.9999982230348328,0.5785182373337603,0.5785157894017511,1.0,needle,7,1024
768,1536,768,0.5,0.0002751023671119095,0.9999997541306056,0.012025173026216614,0.011931585780555042,1.0,needle,7,1024
1536,1536,1536,1.0,3.7905209727633993e-06,0.9999999999999998,0.002655100416595025,0.0026570022439927846,1.0,needle,7,1024
1536,1536,1536,1.0,8.397345818511151e-07,0.9999999999999998,0.0514873987438354,0.05148747509245998,1.0,needle,7,1024
1536,1536,1536,1.0,4.6353117470846116e-07,0.9999999999999998,0.5785182373337603,0.578517982969358,1.0,needle,7,1024
1536,1536,1536,1.0,1.338493178592597e-06,0.9999999999999998,0.012025173026216614,0.012024342705805248,1.0,needle,7,1024
64,1536,64,0.041666666666666664,0.35288095137129805,0.9976207665760674,0.5141440544192688,0.814857436986186,0.95,needle,8,1024
64,1536,64,0.041666666666666664,0.5920168095379978,0.9994429717116085,0.2767135158131687,0.6404865673333845,1.0,needle,8,1024
64,1536,64,0.041666666666666664,0.10749284696970332,0.9987859304591945,0.20754213303310495,0.2589444682713382,1.0,needle,8,1024
64,1536,64,0.041666666666666664,0.36457851887850173,0.9988498900293253,0.42160329749826925,0.2644972577183776,1.0,needle,8,1024
128,1536,128,0.08333333333333333,0.0416364904683222,0.9995775069737499,0.5141440544192688,0.5364390185307261,0.9,needle,8,1024
128,1536,128,0.08333333333333333,0.03895969693330047,0.9999100900329017,0.2767135158131687,0.2956926507645956,1.0,needle,8,1024
128,1536,128,0.08333333333333333,0.022414511227431207,0.9997196641871109,0.20754213303310495,0.20033566066040345,0.95,needle,8,1024
128,1536,128,0.08333333333333333,0.02185848027160826,0.9998571163543378,0.42160329749826925,0.43274648800439214,1.0,needle,8,1024
256,1536,256,0.16666666666666666,0.002742747895425061,0.9999379291538515,0.5141440544192688,0.5148712370879269,1.0,needle,8,1024
256,1536,256,0.16666666666666666,0.003276898558863978,0.9999867677562404,0.2767135158131687,0.27579949269802184,1.0,needle,8,1024
256,1536,256,0.16666666666666666,0.0017741484405628236,0.9999762736034616,0.20754213303310495,0.2075819175053994,1.0,needle,8,1024
256,1536,256,0.16666666666666666,0.0016784157099847,0.9999664053000499,0.42160329749826925,0.422538983037909,1.0,needle,8,1024
384,1536,384,0.25,0.0008016476426290886,0.9999812356948714,0.5141440544192688,0.5138166877400865,0.95,needle,8,1024
384,1536,384,0.25,0.0009834548638217935,0.9999944232351046,0.2767135158131687,0.2761686410718948,1.0,needle,8,1024
384,1536,384,0.25,0.0002855679646707663,0.9999913275159142,0.20754213303310495,0.2074760734104428,1.0,needle,8,1024
384,1536,384,0.25,0.0007107963748316902,0.9999845214040481,0.42160329749826925,0.4224400542082403,1.0,needle,8,1024
512,1536,512,0.3333333333333333,0.00029308139083080624,0.9999898522995492,0.5141440544192688,0.5140272188766685,1.0,needle,8,1024
512,1536,512,0.3333333333333333,0.00029429774619781903,0.9999971277984405,0.2767135158131687,0.2767355473479601,1.0,needle,8,1024
512,1536,512,0.3333333333333333,0.0001489523991684155,0.9999957978685357,0.20754213303310495,0.20754501262374814,1.0,needle,8,1024
512,1536,512,0.3333333333333333,0.00019686191879211286,0.999990131696588,0.42160329749826925,0.42165796167992986,1.0,needle,8,1024
768,1536,768,0.5,7.914759965636353e-05,0.9999978095272153,0.5141440544192688,0.5141165255156706,1.0,needle,8,1024
768,1536,768,0.5,0.00013802450334657784,0.9999991841606464,0.2767135158131687,0.2768155466006702,1.0,needle,8,1024
768,1536,768,0.5,4.153940514772542e-05,0.9999987259495027,0.20754213303310495,0.20752960400139228,1.0,needle,8,1024
768,1536,768,0.5,4.465497046492542e-05,0.9999985024318716,0.42160329749826925,0.4215823036884345,1.0,needle,8,1024
1536,1536,1536,1.0,4.52485665058245e-07,0.9999999999999998,0.5141440544192688,0.5141440141861559,1.0,needle,8,1024
1536,1536,1536,1.0,7.421124423718506e-07,0.9999999999999998,0.2767135158131687,0.27671294496643567,1.0,needle,8,1024
1536,1536,1536,1.0,3.3336929402368887e-07,0.9999999999999998,0.20754213303310495,0.20754214720372582,1.0,needle,8,1024
1536,1536,1536,1.0,2.650447326165153e-07,0.9999999888241182,0.42160329749826925,0.42160305484781413,1.0,needle,8,1024
64,1536,64,0.041666666666666664,0.3848116284618656,0.9992667504112722,0.16313101430050692,0.50583861502112,1.0,needle,9,1024
64,1536,64,0.041666666666666664,1.7288358705738756,0.9998666717330661,0.02057205224211412,1.7119268803549954,1.0,needle,9,1024
64,1536,64,0.041666666666666664,0.20561136298807128,0.9979914482154351,0.14995903586726944,0.2983668187657434,0.85,needle,9,1024
64,1536,64,0.041666666666666664,1.25882785070944,0.9982569983370286,0.37768914334341,1.1103273122017352,0.95,needle,9,1024
128,1536,128,0.08333333333333333,0.04308620613626305,0.9998859166011014,0.16313101430050692,0.18275093308910784,1.0,needle,9,1024
128,1536,128,0.08333333333333333,0.1518423298602144,0.9999793134432442,0.02057205224211412,0.1478046590224004,1.0,needle,9,1024
128,1536,128,0.08333333333333333,0.010755681897714758,0.9996180642479077,0.14995903586726944,0.14974508877740716,0.95,needle,9,1024
128,1536,128,0.08333333333333333,0.07281832669048689,0.9996544976217723,0.37768914334341,0.397341686112617,1.0,needle,9,1024
256,1536,256,0.16666666666666666,0.0017818737442154005,0.9999831132429724,0.16313101430050692,0.16295374957782946,1.0,needle,9,1024
256,1536,256,0.16666666666666666,0.008838447101944176,0.9999948814462483,0.02057205224211412,0.02148824948857507,1.0,needle,9,1024
256,1536,256,0.16666666666666666,0.00071656645876089,0.999950457317073,0.14995903586726944,0.1506370011614661,0.95,needle,9,1024
256,1536,256,0.16666666666666666,0.0032578799412682764,0.9999456405121234,0.37768914334341,0.37763771784220124,1.0,needle,9,1024
384,1536,384,0.25,0.0006040960568186576,0.9999921880587939,0.16313101430050692,0.16313263862106878,1.0,needle,9,1024
384,1536,384,0.25,0.004683916435649599,0.9999967031149415,0.02057205224211412,0.022971882951349262,1.0,needle,9,1024
384,1536,384,0.25,0.00019468656014749172,0.9999846108111006,0.14995903586726944,0.15006267074908886,1.0,needle,9,1024
384,1536,384,0.25,0.00108582399775506,0.9999846108111006,0.37768914334341,0.37762986023744033,1.0,needle,9,1024
512,1536,512,0.3333333333333333,0.00022113405392088553,0.9999958872755881,0.16313101430050692,0.16314299087510692,1.0,needle,9,1024
512,1536,512,0.3333333333333333,0.0013291286380810604,0.9999977871754522,0.02057205224211412,0.02024694596492871,1.0,needle,9,1024
512,1536,512,0.3333333333333333,6.857472561878379e-05,0.9999901987518773,0.14995903586726944,0.15008673307915815,1.0,needle,9,1024
512,1536,512,0.3333333333333333,0.00040375582514895177,0.9999919310135181,0.37768914334341,0.37758774823416513,1.0,needle,9,1024
768,1536,768,0.5,4.8768160117761204e-05,0.9999988488841998,0.16313101430050692,0.1631412431671976,1.0,needle,9,1024
768,1536,768,0.5,0.00035113427219877656,0.9999995417888561,0.02057205224211412,0.020735254245447428,1.0,needle,9,1024
768,1536,768,0.5,1.1715065991464452e-05,0.9999985694871609,0.14995903586726944,0.14995663774341936,1.0,needle,9,1024
768,1536,768,0.5,5.681591563708703e-05,0.9999981112760172,0.37768914334341,0.3776710361072937,1.0,needle,9,1024
1536,1536,1536,1.0,8.984081794045716e-07,0.9999999999999998,0.16313101430050692,0.16313140971463078,1.0,needle,9,1024
1536,1536,1536,1.0,3.5769422313655557e-06,0.9999999999999998,0.02057205224211412,0.02057468803498189,1.0,needle,9,1024
1536,1536,1536,1.0,2.193726698842355e-07,0.9999999999999998,0.14995903586726944,0.14995914818239384,1.0,needle,9,1024
1536,1536,1536,1.0,3.229140255093292e-07,0.9999999999999998,0.37768914334341,0.37768928290319437,1.0,needle,9,1024
64,1536,64,0.041666666666666664,0.01699376671156276,0.999196968206852,0.21923307841345543,0.22821333713897515,1.0,needle,10,1024
64,1536,64,0.041666666666666664,0.14124998741537642,0.9991763263536226,0.37107319754438944,0.5077304450562696,0.9,needle,10,1024
64,1536,64,0.041666666666666664,0.037945544305456325,0.9992971488090979,0.1665384780582978,0.19997511403174079,0.9,needle,10,1024
64,1536,64,0.041666666666666664,2.4261878420809935,0.9997477491774549,0.018464794943872893,2.351230682669025,1.0,needle,10,1024
128,1536,128,0.08333333333333333,0.004407167199009187,0.9998605585258563,0.21923307841345543,0.21760298139074188,0.95,needle,10,1024
128,1536,128,0.08333333333333333,0.008587094513229568,0.9998481644732135,0.37107319754438944,0.37298184338951307,0.95,needle,10,1024
128,1536,128,0.08333333333333333,0.005249325953557169,0.999841190723124,0.1665384780582978,0.16677914582286119,0.95,needle,10,1024
128,1536,128,0.08333333333333333,0.19172900667169654,0.9999668970388382,0.018464794943872893,0.19265657952973847,1.0,needle,10,1024
256,1536,256,0.16666666666666666,0.0005276268722946474,0.9999813474536869,0.21923307841345543,0.21971347931782273,1.0,needle,10,1024
256,1536,256,0.16666666666666666,0.0005174935632893922,0.9999764300658034,0.37107319754438944,0.3709495202569364,1.0,needle,10,1024
256,1536,256,0.16666666666666666,0.0003388460155548959,0.9999782070309704,0.1665384780582978,0.16655484593370828,1.0,needle,10,1024
256,1536,256,0.16666666666666666,0.011853375212016288,0.9999948590944852,0.018464794943872893,0.02058173579732008,1.0,needle,10,1024
384,1536,384,0.25,0.00011114813195438477,0.9999939650239609,0.21923307841345543,0.21931373346138613,1.0,needle,10,1024
384,1536,384,0.25,0.00018629694595327336,0.9999920427723337,0.37107319754438944,0.37095977576926104,1.0,needle,10,1024
384,1536,384,0.25,7.694537281360216e-05,0.9999928139081609,0.1665384780582978,0.16657482938244883,1.0,needle,10,1024
384,1536,384,0.25,0.002889512946490056,0.9999971725019667,0.018464794943872893,0.019130561839437135,1.0,needle,10,1024
512,1536,512,0.3333333333333333,3.315141253599299e-05,0.9999969042808095,0.21923307841345543,0.2192291102861698,1.0,needle,10,1024
512,1536,512,0.3333333333333333,5.076978215540714e-05,0.9999959096273512,0.37107319754438944,0.371052677324389,1.0,needle,10,1024
512,1536,512,0.3333333333333333,2.6211775826404375e-05,0.9999960437379298,0.1665384780582978,0.16662543376256206,1.0,needle,10,1024
512,1536,512,0.3333333333333333,0.0013933712503740947,0.9999984130248192,0.018464794943872893,0.019040801952655447,1.0,needle,10,1024
768,1536,768,0.5,6.170942432465379e-06,0.9999992065124095,0.21923307841345543,0.21923394163052184,1.0,needle,10,1024
768,1536,768,0.5,1.053909157178115e-05,0.9999988041806736,0.37107319754438944,0.37106900872659065,1.0,needle,10,1024
768,1536,768,0.5,7.180934670320677e-06,0.9999990053465415,0.1665384780582978,0.16653848174159566,1.0,needle,10,1024
768,1536,768,0.5,0.000227020491439252,0.9999996647235532,0.018464794943872893,0.018421919057937393,1.0,needle,10,1024
1536,1536,1536,1.0,1.0629886865235683e-07,0.9999999888241182,0.21923307841345543,0.21923317460083938,1.0,needle,10,1024
1536,1536,1536,1.0,1.826950024437231e-07,0.9999999999999998,0.37107319754438944,0.3710731808375052,1.0,needle,10,1024
1536,1536,1536,1.0,1.059078068664581e-07,0.9999999999999998,0.1665384780582978,0.1665384337712733,1.0,needle,10,1024
1536,1536,1536,1.0,1.4004707818316347e-06,0.9999999999999998,0.018464794943872893,0.018465883635994718,1.0,needle,10,1024
64,1536,64,0.041666666666666664,0.014909792043949953,0.9977966861276015,0.47224769872465416,0.4808811961594333,0.95,needle,11,1024
64,1536,64,0.041666666666666664,0.06486526887681224,0.9979863073099204,0.4848726500103574,0.5278800711153429,0.95,needle,11,1024
64,1536,64,0.041666666666666664,0.03569509236900995,0.9990347838137471,0.4731426963228993,0.5055135734379893,0.95,needle,11,1024
64,1536,64,0.041666666666666664,0.0688466361019927,0.9986189404370215,0.30353566113222946,0.26687320888358557,0.95,needle,11,1024
128,1536,128,0.08333333333333333,0.003991214980861811,0.9996490996709819,0.47224769872465416,0.4740762978949175,1.0,needle,11,1024
128,1536,128,0.08333333333333333,0.014544433975450497,0.99982677383592,0.4848726500103574,0.494546251427847,0.95,needle,11,1024
128,1536,128,0.08333333333333333,0.005244419804040117,0.9998187048494384,0.4731426963228993,0.4686756652585041,1.0,needle,11,1024
128,1536,128,0.08333333333333333,0.011285317704782848,0.9996783693047706,0.30353566113222946,0.29836990540634917,1.0,needle,11,1024
256,1536,256,0.16666666666666666,0.0005493314100981455,0.9999578781024245,0.47224769872465416,0.47264811474977547,1.0,needle,11,1024
256,1536,256,0.16666666666666666,0.003414790415191729,0.9999748989700306,0.4848726500103574,0.48598753424995106,1.0,needle,11,1024
256,1536,256,0.16666666666666666,0.0003582053493907317,0.9999737925577568,0.4731426963228993,0.4695908189591326,0.95,needle,11,1024
256,1536,256,0.16666666666666666,0.0005415238507209027,0.9999616667262712,0.30353566113222946,0.3041675987667051,1.0,needle,11,1024
384,1536,384,0.25,0.0001325049807090377,0.9999834373435375,0.47224769872465416,0.47232272563709177,1.0,needle,11,1024
384,1536,384,0.25,0.0010207660367613418,0.9999908693047705,0.4848726500103574,0.48560250662959037,1.0,needle,11,1024
384,1536,384,0.25,7.752733253547105e-05,0.9999909363600599,0.4731426963228993,0.4696037798053313,0.95,needle,11,1024
384,1536,384,0.25,0.0001184669174085654,0.999986901866819,0.30353566113222946,0.30367313839888216,1.0,needle,11,1024
512,1536,512,0.3333333333333333,4.692550829804262e-05,0.9999915286817822,0.47224769872465416,0.47230951745983596,1.0,needle,11,1024
512,1536,512,0.3333333333333333,0.00023136745128355657,0.9999948814462483,0.4848726500103574,0.484838634603061,1.0,needle,11,1024
512,1536,512,0.3333333333333333,2.664937549095083e-05,0.9999955184714968,0.4731426963228993,0.4697102108649288,0.95,needle,11,1024
512,1536,512,0.3333333333333333,4.079709852448808e-05,0.9999917633752948,0.30353566113222946,0.3035693326021396,1.0,needle,11,1024
768,1536,768,0.5,1.0143647997507892e-05,0.9999975860095842,0.47224769872465416,0.47226508732997946,1.0,needle,11,1024
768,1536,768,0.5,0.00010455725247689784,0.9999988824118444,0.4848726500103574,0.4847943345337282,1.0,needle,11,1024
768,1536,768,0.5,6.5509581826269236e-06,0.9999981336277803,0.4731426963228993,0.4731542473157214,1.0,needle,11,1024
768,1536,768,0.5,1.593438937694598e-05,0.999997965989557,0.30353566113222946,0.30354533149746993,1.0,needle,11,1024
1536,1536,1536,1.0,1.679143633031477e-07,0.9999999999999998,0.47224769872465416,0.4722474952309121,1.0,needle,11,1024
1536,1536,1536,1.0,1.9032079044613464e-07,0.9999999888241182,0.4848726500103574,0.4848726707207024,1.0,needle,11,1024
1536,1536,1536,1.0,2.0668439401973118e-07,0.9999999999999998,0.4731426963228993,0.4731426702766399,1.0,needle,11,1024
1536,1536,1536,1.0,2.2554458851509544e-07,0.9999999999999998,0.30353566113222946,0.30353576581753877,1.0,needle,11,1024
