n,coverage,fail_rate_routed,fail_rate_overall,avg_read_fraction,kv_read_reduction,split,features,model,policy
2352,0.26445578231292516,0.04983922829581994,0.013180272108843538,0.7641551154860559,1.3086348304609992,random,cheap,logreg,selective@95prec
2352,0.22363945578231292,0.055133079847908745,0.012329931972789115,0.8016223653077752,1.2474701845626022,random,cheap,tree,selective@95prec
2352,0.3864795918367347,0.04950495049504951,0.01913265306122449,0.6555542221087857,1.5254268316405648,random,cheap,rforest,selective@95prec
2352,0.39880952380952384,0.04904051172707889,0.0195578231292517,0.6454572749148996,1.5492892231044189,random,cheap,gboost,selective@95prec
2352,0.1377551020408163,0.04938271604938271,0.006802721088435374,0.8768228505967299,1.1404812264181308,random,cheap,mlp,selective@95prec
2352,0.4166666666666667,0.05,0.020833333333333332,0.6296445504881459,1.5881976572730245,random,all,logreg,selective@95prec
2352,0.4413265306122449,0.051059730250481696,0.022534013605442178,0.6096306254600747,1.6403375392194612,random,all,tree,selective@95prec
2352,0.47278911564625853,0.04946043165467626,0.0233843537414966,0.581940299453063,1.718389327805362,random,all,rforest,selective@95prec
2352,0.4710884353741497,0.04963898916967509,0.0233843537414966,0.5831967794282303,1.7146871095214313,random,all,gboost,selective@95prec
2352,0.40688775510204084,0.04911180773249739,0.019982993197278913,0.6380949813675302,1.567164809628897,random,all,mlp,selective@95prec
2352,0.26445578231292516,0.04983922829581994,0.013180272108843538,0.7641455748381558,1.308651169264178,random,cheap_id,logreg,selective@95prec
2352,0.2261904761904762,0.05451127819548872,0.012329931972789115,0.7995677023266713,1.2506758303144168,random,cheap_id,tree,selective@95prec
2352,0.3924319727891156,0.04983748645720477,0.0195578231292517,0.6504514959776184,1.5373936506933783,random,cheap_id,rforest,selective@95prec
2352,0.4013605442176871,0.04978813559322034,0.019982993197278913,0.6432057284064544,1.5547125217269213,random,cheap_id,gboost,selective@95prec
2352,0.2593537414965986,0.04918032786885246,0.012755102040816327,0.7685750239469373,1.3011091550498268,random,cheap_id,mlp,selective@95prec
2352,0.015731292517006803,0.32432432432432434,0.00510204081632653,0.9865964720774112,1.0135856232025298,random,entropy_only,tree,selective@95prec
2352,0.01913265306122449,0.28888888888888886,0.0055272108843537416,0.9836051618857015,1.0166681090640755,random,mass_only,tree,selective@95prec
2352,0.00510204081632653,0.6666666666666666,0.003401360544217687,0.9956597117948076,1.0043592084261082,random,cent_entropy_only,tree,selective@95prec
2352,0.17687074829931973,0.04807692307692308,0.008503401360544218,0.8424667946594376,1.186990402873082,loro_regime,cheap,logreg,selective@95prec
2352,0.08460884353741496,0.3065326633165829,0.025935374149659865,0.9274466471350469,1.0782291392060945,loro_regime,cheap,tree,selective@95prec
2352,0.29846938775510207,0.04985754985754986,0.01488095238095238,0.7337816210226267,1.3628032800908274,loro_regime,cheap,rforest,selective@95prec
2352,0.32482993197278914,0.049738219895287955,0.016156462585034014,0.7105549879675884,1.4073506159745859,loro_regime,cheap,gboost,selective@95prec
2352,0.24064625850340135,0.04946996466431095,0.011904761904761904,0.7852517372662404,1.273476966101826,loro_regime,cheap,mlp,selective@95prec
2352,0.366921768707483,0.04982618771726535,0.018282312925170068,0.6730303350081309,1.4858171288637665,loro_regime,all,logreg,selective@95prec
2352,0.18239795918367346,0.13986013986013987,0.025510204081632654,0.8405300214453076,1.189725499965463,loro_regime,all,tree,selective@95prec
2352,0.42517006802721086,0.05,0.021258503401360544,0.6211288904272684,1.6099718036172974,loro_regime,all,rforest,selective@95prec
2352,0.44260204081632654,0.049951969260326606,0.022108843537414966,0.6068942176312315,1.647733609825942,loro_regime,all,gboost,selective@95prec
2352,0.4013605442176871,0.04978813559322034,0.019982993197278913,0.6430354830337935,1.5551241360462325,loro_regime,all,mlp,selective@95prec
2352,0.18877551020408162,0.04954954954954955,0.00935374149659864,0.8318338890311251,1.2021630919182023,loro_regime,cheap_id,logreg,selective@95prec
2352,0.08120748299319729,0.3089005235602094,0.025085034013605442,0.9301862509088096,1.0750535164575707,loro_regime,cheap_id,tree,selective@95prec
2352,0.28741496598639454,0.04881656804733728,0.01403061224489796,0.7436707479031585,1.3446811009033006,loro_regime,cheap_id,rforest,selective@95prec
2352,0.32950680272108845,0.05032258064516129,0.016581632653061226,0.7063369143360095,1.4157549742958682,loro_regime,cheap_id,gboost,selective@95prec
2352,0.2227891156462585,0.04961832061068702,0.011054421768707483,0.8014788352446004,1.2476935834429286,loro_regime,cheap_id,mlp,selective@95prec
2352,0.017431972789115645,0.4146341463414634,0.007227891156462585,0.985711052980135,1.014496080749693,loro_regime,entropy_only,tree,selective@95prec
2352,0.02465986394557823,0.39655172413793105,0.00977891156462585,0.9787706341092882,1.0216898271677626,loro_regime,mass_only,tree,selective@95prec
2352,0.015306122448979591,0.8333333333333334,0.012755102040816327,0.9874021869033504,1.0127585428346664,loro_regime,cent_entropy_only,tree,selective@95prec
2352,0.0,0.0,0.0,1.0,1.0,lolo_layer,cheap,logreg,selective@95prec
2352,0.08290816326530612,0.38974358974358975,0.03231292517006803,0.9299438625566877,1.0753337274044774,lolo_layer,cheap,tree,selective@95prec
2352,0.2576530612244898,0.04950495049504951,0.012755102040816327,0.7700600378902088,1.2986000451857949,lolo_layer,cheap,rforest,selective@95prec
2352,0.21258503401360543,0.05,0.010629251700680272,0.8102743561802076,1.2341498806826323,lolo_layer,cheap,gboost,selective@95prec
2352,0.1836734693877551,0.04861111111111111,0.008928571428571428,0.8359944040550296,1.1961802556924468,lolo_layer,cheap,mlp,selective@95prec
2352,0.3826530612244898,0.05,0.01913265306122449,0.6596109690622527,1.516045134030544,lolo_layer,all,logreg,selective@95prec
2352,0.34523809523809523,0.050492610837438424,0.017431972789115645,0.6929666087858966,1.4430709753129916,lolo_layer,all,tree,selective@95prec
2352,0.41964285714285715,0.04964539007092199,0.020833333333333332,0.6271609984824607,1.5944869059455173,lolo_layer,all,rforest,selective@95prec
2352,0.42346938775510207,0.04919678714859438,0.020833333333333332,0.6241376912492048,1.6022105602988195,lolo_layer,all,gboost,selective@95prec
2352,0.30654761904761907,0.049930651872399444,0.015306122448979591,0.7272281255998915,1.3750843302094493,lolo_layer,all,mlp,selective@95prec
2352,0.016581632653061226,0.3076923076923077,0.00510204081632653,0.9859692400394152,1.0142304236185136,lolo_layer,entropy_only,tree,selective@95prec
2352,0.03231292517006803,0.4605263157894737,0.01488095238095238,0.9722541874607197,1.0285376117656488,lolo_layer,mass_only,tree,selective@95prec
2352,0.008928571428571428,0.7142857142857143,0.006377551020408163,0.9925537631905251,1.0075020992168113,lolo_layer,cent_entropy_only,tree,selective@95prec
2352,0.2606292517006803,0.048939641109298535,0.012755102040816327,0.7676544646199884,1.3026694249671686,loho_head,cheap,logreg,selective@95prec
2352,0.18537414965986396,0.052752293577981654,0.00977891156462585,0.8358945503398617,1.1963231481691268,loho_head,cheap,tree,selective@95prec
2352,0.37712585034013607,0.0496054114994363,0.01870748299319728,0.6635808297269264,1.5069754206303927,loho_head,cheap,rforest,selective@95prec
2352,0.358843537414966,0.04976303317535545,0.017857142857142856,0.6803735030988345,1.4697809298060436,loho_head,cheap,gboost,selective@95prec
2352,0.2512755102040816,0.049069373942470386,0.012329931972789115,0.7757776654036161,1.2890291182586793,loho_head,cheap,mlp,selective@95prec
2352,0.41028911564625853,0.049740932642487044,0.02040816326530612,0.6351244879683693,1.5744944793402493,loho_head,all,logreg,selective@95prec
2352,0.4005102040816326,0.050955414012738856,0.02040816326530612,0.6457073587884099,1.5486891799969207,loho_head,all,tree,selective@95prec
2352,0.4528061224489796,0.04976525821596244,0.022534013605442178,0.5989039599409346,1.669716794156149,loho_head,all,rforest,selective@95prec
2352,0.45450680272108845,0.050514499532273154,0.02295918367346939,0.5974483006831087,1.6737849933736908,loho_head,all,gboost,selective@95prec
2352,0.4098639455782313,0.04979253112033195,0.02040816326530612,0.6356237148499411,1.5732578515200324,loho_head,all,mlp,selective@95prec
2352,0.013605442176870748,0.25,0.003401360544217687,0.9882590355717025,1.0118804523972862,loho_head,entropy_only,tree,selective@95prec
2352,0.026785714285714284,0.30158730158730157,0.008078231292517007,0.9771301552850243,1.0234051160853843,loho_head,mass_only,tree,selective@95prec
2352,0.007227891156462585,0.5882352941176471,0.004251700680272109,0.9937810285958137,1.006257889037159,loho_head,cent_entropy_only,tree,selective@95prec
2352,1.0,0.5017006802721088,0.5017006802721088,0.1395759555877997,7.164557790693068,-,-,-,universal_sparse
2352,0.0,0.0,0.0,1.0,1.0,-,-,-,full_only
