regime,kind,mutation,expected,actual,correct
coding,should_hit,ALL,equal,equal,True
coding,should_hit,volatile_id,equal,equal,True
coding,should_hit,tool_order,equal,equal,True
coding,should_hit,json_field_order,equal,equal,True
coding,should_hit,whitespace,equal,equal,True
coding,should_hit,doc_metadata,equal,equal,True
coding,should_miss,tool_semantic_change,differ,differ,True
coding,should_miss,tool_param_type,differ,differ,True
coding,should_miss,doc_content_change,differ,differ,True
coding,should_miss,memory_version_bump,differ,differ,True
coding,should_miss,system_policy_change,differ,differ,True
coding,should_miss,doc_replaced,differ,differ,True
coding,should_miss,model_changed,differ,differ,True
coding,should_miss,tokenizer_changed,differ,differ,True
coding,should_hit,ALL,equal,equal,True
coding,should_hit,volatile_id,equal,equal,True
coding,should_hit,tool_order,equal,equal,True
coding,should_hit,json_field_order,equal,equal,True
coding,should_hit,whitespace,equal,equal,True
coding,should_hit,doc_metadata,equal,equal,True
coding,should_miss,tool_semantic_change,differ,differ,True
coding,should_miss,tool_param_type,differ,differ,True
coding,should_miss,doc_content_change,differ,differ,True
coding,should_miss,memory_version_bump,differ,differ,True
coding,should_miss,system_policy_change,differ,differ,True
coding,should_miss,doc_replaced,differ,differ,True
coding,should_miss,model_changed,differ,differ,True
coding,should_miss,tokenizer_changed,differ,differ,True
coding,should_hit,ALL,equal,equal,True
coding,should_hit,volatile_id,equal,equal,True
coding,should_hit,tool_order,equal,equal,True
coding,should_hit,json_field_order,equal,equal,True
coding,should_hit,whitespace,equal,equal,True
coding,should_hit,doc_metadata,equal,equal,True
coding,should_miss,tool_semantic_change,differ,differ,True
coding,should_miss,tool_param_type,differ,differ,True
coding,should_miss,doc_content_change,differ,differ,True
coding,should_miss,memory_version_bump,differ,differ,True
coding,should_miss,system_policy_change,differ,differ,True
coding,should_miss,doc_replaced,differ,differ,True
coding,should_miss,model_changed,differ,differ,True
coding,should_miss,tokenizer_changed,differ,differ,True
coding,should_hit,ALL,equal,equal,True
coding,should_hit,volatile_id,equal,equal,True
coding,should_hit,tool_order,equal,equal,True
coding,should_hit,json_field_order,equal,equal,True
coding,should_hit,whitespace,equal,equal,True
coding,should_hit,doc_metadata,equal,equal,True
coding,should_miss,tool_semantic_change,differ,differ,True
coding,should_miss,tool_param_type,differ,differ,True
coding,should_miss,doc_content_change,differ,differ,True
coding,should_miss,memory_version_bump,differ,differ,True
coding,should_miss,system_policy_change,differ,differ,True
coding,should_miss,doc_replaced,differ,differ,True
coding,should_miss,model_changed,differ,differ,True
coding,should_miss,tokenizer_changed,differ,differ,True
coding,should_hit,ALL,equal,equal,True
coding,should_hit,volatile_id,equal,equal,True
coding,should_hit,tool_order,equal,equal,True
coding,should_hit,json_field_order,equal,equal,True
coding,should_hit,whitespace,equal,equal,True
coding,should_hit,doc_metadata,equal,equal,True
coding,should_miss,tool_semantic_change,differ,differ,True
coding,should_miss,tool_param_type,differ,differ,True
coding,should_miss,doc_content_change,differ,differ,True
coding,should_miss,memory_version_bump,differ,differ,True
coding,should_miss,system_policy_change,differ,differ,True
coding,should_miss,doc_replaced,differ,differ,True
coding,should_miss,model_changed,differ,differ,True
coding,should_miss,tokenizer_changed,differ,differ,True
coding,should_hit,ALL,equal,equal,True
coding,should_hit,volatile_id,equal,equal,True
coding,should_hit,tool_order,equal,equal,True
coding,should_hit,json_field_order,equal,equal,True
coding,should_hit,whitespace,equal,equal,True
coding,should_hit,doc_metadata,equal,equal,True
coding,should_miss,tool_semantic_change,differ,differ,True
coding,should_miss,tool_param_type,differ,differ,True
coding,should_miss,doc_content_change,differ,differ,True
coding,should_miss,memory_version_bump,differ,differ,True
coding,should_miss,system_policy_change,differ,differ,True
coding,should_miss,doc_replaced,differ,differ,True
coding,should_miss,model_changed,differ,differ,True
coding,should_miss,tokenizer_changed,differ,differ,True
coding,should_hit,ALL,equal,equal,True
coding,should_hit,volatile_id,equal,equal,True
coding,should_hit,tool_order,equal,equal,True
coding,should_hit,json_field_order,equal,equal,True
coding,should_hit,whitespace,equal,equal,True
coding,should_hit,doc_metadata,equal,equal,True
coding,should_miss,tool_semantic_change,differ,differ,True
coding,should_miss,tool_param_type,differ,differ,True
coding,should_miss,doc_content_change,differ,differ,True
coding,should_miss,memory_version_bump,differ,differ,True
coding,should_miss,system_policy_change,differ,differ,True
coding,should_miss,doc_replaced,differ,differ,True
coding,should_miss,model_changed,differ,differ,True
coding,should_miss,tokenizer_changed,differ,differ,True
coding,should_hit,ALL,equal,equal,True
coding,should_hit,volatile_id,equal,equal,True
coding,should_hit,tool_order,equal,equal,True
coding,should_hit,json_field_order,equal,equal,True
coding,should_hit,whitespace,equal,equal,True
coding,should_hit,doc_metadata,equal,equal,True
coding,should_miss,tool_semantic_change,differ,differ,True
coding,should_miss,tool_param_type,differ,differ,True
coding,should_miss,doc_content_change,differ,differ,True
coding,should_miss,memory_version_bump,differ,differ,True
coding,should_miss,system_policy_change,differ,differ,True
coding,should_miss,doc_replaced,differ,differ,True
coding,should_miss,model_changed,differ,differ,True
coding,should_miss,tokenizer_changed,differ,differ,True
legal,should_hit,ALL,equal,equal,True
legal,should_hit,volatile_id,equal,equal,True
legal,should_hit,tool_order,equal,equal,True
legal,should_hit,json_field_order,equal,equal,True
legal,should_hit,whitespace,equal,equal,True
legal,should_hit,doc_metadata,equal,equal,True
legal,should_miss,tool_semantic_change,differ,differ,True
legal,should_miss,tool_param_type,differ,differ,True
legal,should_miss,doc_content_change,differ,differ,True
legal,should_miss,memory_version_bump,differ,differ,True
legal,should_miss,system_policy_change,differ,differ,True
legal,should_miss,doc_replaced,differ,differ,True
legal,should_miss,model_changed,differ,differ,True
legal,should_miss,tokenizer_changed,differ,differ,True
legal,should_hit,ALL,equal,equal,True
legal,should_hit,volatile_id,equal,equal,True
legal,should_hit,tool_order,equal,equal,True
legal,should_hit,json_field_order,equal,equal,True
legal,should_hit,whitespace,equal,equal,True
legal,should_hit,doc_metadata,equal,equal,True
legal,should_miss,tool_semantic_change,differ,differ,True
legal,should_miss,tool_param_type,differ,differ,True
legal,should_miss,doc_content_change,differ,differ,True
legal,should_miss,memory_version_bump,differ,differ,True
legal,should_miss,system_policy_change,differ,differ,True
legal,should_miss,doc_replaced,differ,differ,True
legal,should_miss,model_changed,differ,differ,True
legal,should_miss,tokenizer_changed,differ,differ,True
legal,should_hit,ALL,equal,equal,True
legal,should_hit,volatile_id,equal,equal,True
legal,should_hit,tool_order,equal,equal,True
legal,should_hit,json_field_order,equal,equal,True
legal,should_hit,whitespace,equal,equal,True
legal,should_hit,doc_metadata,equal,equal,True
legal,should_miss,tool_semantic_change,differ,differ,True
legal,should_miss,tool_param_type,differ,differ,True
legal,should_miss,doc_content_change,differ,differ,True
legal,should_miss,memory_version_bump,differ,differ,True
legal,should_miss,system_policy_change,differ,differ,True
legal,should_miss,doc_replaced,differ,differ,True
legal,should_miss,model_changed,differ,differ,True
legal,should_miss,tokenizer_changed,differ,differ,True
legal,should_hit,ALL,equal,equal,True
legal,should_hit,volatile_id,equal,equal,True
legal,should_hit,tool_order,equal,equal,True
legal,should_hit,json_field_order,equal,equal,True
legal,should_hit,whitespace,equal,equal,True
legal,should_hit,doc_metadata,equal,equal,True
legal,should_miss,tool_semantic_change,differ,differ,True
legal,should_miss,tool_param_type,differ,differ,True
legal,should_miss,doc_content_change,differ,differ,True
legal,should_miss,memory_version_bump,differ,differ,True
legal,should_miss,system_policy_change,differ,differ,True
legal,should_miss,doc_replaced,differ,differ,True
legal,should_miss,model_changed,differ,differ,True
legal,should_miss,tokenizer_changed,differ,differ,True
legal,should_hit,ALL,equal,equal,True
legal,should_hit,volatile_id,equal,equal,True
legal,should_hit,tool_order,equal,equal,True
legal,should_hit,json_field_order,equal,equal,True
legal,should_hit,whitespace,equal,equal,True
legal,should_hit,doc_metadata,equal,equal,True
legal,should_miss,tool_semantic_change,differ,differ,True
legal,should_miss,tool_param_type,differ,differ,True
legal,should_miss,doc_content_change,differ,differ,True
legal,should_miss,memory_version_bump,differ,differ,True
legal,should_miss,system_policy_change,differ,differ,True
legal,should_miss,doc_replaced,differ,differ,True
legal,should_miss,model_changed,differ,differ,True
legal,should_miss,tokenizer_changed,differ,differ,True
legal,should_hit,ALL,equal,equal,True
legal,should_hit,volatile_id,equal,equal,True
legal,should_hit,tool_order,equal,equal,True
legal,should_hit,json_field_order,equal,equal,True
legal,should_hit,whitespace,equal,equal,True
legal,should_hit,doc_metadata,equal,equal,True
legal,should_miss,tool_semantic_change,differ,differ,True
legal,should_miss,tool_param_type,differ,differ,True
legal,should_miss,doc_content_change,differ,differ,True
legal,should_miss,memory_version_bump,differ,differ,True
legal,should_miss,system_policy_change,differ,differ,True
legal,should_miss,doc_replaced,differ,differ,True
legal,should_miss,model_changed,differ,differ,True
legal,should_miss,tokenizer_changed,differ,differ,True
legal,should_hit,ALL,equal,equal,True
legal,should_hit,volatile_id,equal,equal,True
legal,should_hit,tool_order,equal,equal,True
legal,should_hit,json_field_order,equal,equal,True
legal,should_hit,whitespace,equal,equal,True
legal,should_hit,doc_metadata,equal,equal,True
legal,should_miss,tool_semantic_change,differ,differ,True
legal,should_miss,tool_param_type,differ,differ,True
legal,should_miss,doc_content_change,differ,differ,True
legal,should_miss,memory_version_bump,differ,differ,True
legal,should_miss,system_policy_change,differ,differ,True
legal,should_miss,doc_replaced,differ,differ,True
legal,should_miss,model_changed,differ,differ,True
legal,should_miss,tokenizer_changed,differ,differ,True
legal,should_hit,ALL,equal,equal,True
legal,should_hit,volatile_id,equal,equal,True
legal,should_hit,tool_order,equal,equal,True
legal,should_hit,json_field_order,equal,equal,True
legal,should_hit,whitespace,equal,equal,True
legal,should_hit,doc_metadata,equal,equal,True
legal,should_miss,tool_semantic_change,differ,differ,True
legal,should_miss,tool_param_type,differ,differ,True
legal,should_miss,doc_content_change,differ,differ,True
legal,should_miss,memory_version_bump,differ,differ,True
legal,should_miss,system_policy_change,differ,differ,True
legal,should_miss,doc_replaced,differ,differ,True
legal,should_miss,model_changed,differ,differ,True
legal,should_miss,tokenizer_changed,differ,differ,True
research,should_hit,ALL,equal,equal,True
research,should_hit,volatile_id,equal,equal,True
research,should_hit,tool_order,equal,equal,True
research,should_hit,json_field_order,equal,equal,True
research,should_hit,whitespace,equal,equal,True
research,should_hit,doc_metadata,equal,equal,True
research,should_miss,tool_semantic_change,differ,differ,True
research,should_miss,tool_param_type,differ,differ,True
research,should_miss,doc_content_change,differ,differ,True
research,should_miss,memory_version_bump,differ,differ,True
research,should_miss,system_policy_change,differ,differ,True
research,should_miss,doc_replaced,differ,differ,True
research,should_miss,model_changed,differ,differ,True
research,should_miss,tokenizer_changed,differ,differ,True
research,should_hit,ALL,equal,equal,True
research,should_hit,volatile_id,equal,equal,True
research,should_hit,tool_order,equal,equal,True
research,should_hit,json_field_order,equal,equal,True
research,should_hit,whitespace,equal,equal,True
research,should_hit,doc_metadata,equal,equal,True
research,should_miss,tool_semantic_change,differ,differ,True
research,should_miss,tool_param_type,differ,differ,True
research,should_miss,doc_content_change,differ,differ,True
research,should_miss,memory_version_bump,differ,differ,True
research,should_miss,system_policy_change,differ,differ,True
research,should_miss,doc_replaced,differ,differ,True
research,should_miss,model_changed,differ,differ,True
research,should_miss,tokenizer_changed,differ,differ,True
research,should_hit,ALL,equal,equal,True
research,should_hit,volatile_id,equal,equal,True
research,should_hit,tool_order,equal,equal,True
research,should_hit,json_field_order,equal,equal,True
research,should_hit,whitespace,equal,equal,True
research,should_hit,doc_metadata,equal,equal,True
research,should_miss,tool_semantic_change,differ,differ,True
research,should_miss,tool_param_type,differ,differ,True
research,should_miss,doc_content_change,differ,differ,True
research,should_miss,memory_version_bump,differ,differ,True
research,should_miss,system_policy_change,differ,differ,True
research,should_miss,doc_replaced,differ,differ,True
research,should_miss,model_changed,differ,differ,True
research,should_miss,tokenizer_changed,differ,differ,True
research,should_hit,ALL,equal,equal,True
research,should_hit,volatile_id,equal,equal,True
research,should_hit,tool_order,equal,equal,True
research,should_hit,json_field_order,equal,equal,True
research,should_hit,whitespace,equal,equal,True
research,should_hit,doc_metadata,equal,equal,True
research,should_miss,tool_semantic_change,differ,differ,True
research,should_miss,tool_param_type,differ,differ,True
research,should_miss,doc_content_change,differ,differ,True
research,should_miss,memory_version_bump,differ,differ,True
research,should_miss,system_policy_change,differ,differ,True
research,should_miss,doc_replaced,differ,differ,True
research,should_miss,model_changed,differ,differ,True
research,should_miss,tokenizer_changed,differ,differ,True
research,should_hit,ALL,equal,equal,True
research,should_hit,volatile_id,equal,equal,True
research,should_hit,tool_order,equal,equal,True
research,should_hit,json_field_order,equal,equal,True
research,should_hit,whitespace,equal,equal,True
research,should_hit,doc_metadata,equal,equal,True
research,should_miss,tool_semantic_change,differ,differ,True
research,should_miss,tool_param_type,differ,differ,True
research,should_miss,doc_content_change,differ,differ,True
research,should_miss,memory_version_bump,differ,differ,True
research,should_miss,system_policy_change,differ,differ,True
research,should_miss,doc_replaced,differ,differ,True
research,should_miss,model_changed,differ,differ,True
research,should_miss,tokenizer_changed,differ,differ,True
research,should_hit,ALL,equal,equal,True
research,should_hit,volatile_id,equal,equal,True
research,should_hit,tool_order,equal,equal,True
research,should_hit,json_field_order,equal,equal,True
research,should_hit,whitespace,equal,equal,True
research,should_hit,doc_metadata,equal,equal,True
research,should_miss,tool_semantic_change,differ,differ,True
research,should_miss,tool_param_type,differ,differ,True
research,should_miss,doc_content_change,differ,differ,True
research,should_miss,memory_version_bump,differ,differ,True
research,should_miss,system_policy_change,differ,differ,True
research,should_miss,doc_replaced,differ,differ,True
research,should_miss,model_changed,differ,differ,True
research,should_miss,tokenizer_changed,differ,differ,True
research,should_hit,ALL,equal,equal,True
research,should_hit,volatile_id,equal,equal,True
research,should_hit,tool_order,equal,equal,True
research,should_hit,json_field_order,equal,equal,True
research,should_hit,whitespace,equal,equal,True
research,should_hit,doc_metadata,equal,equal,True
research,should_miss,tool_semantic_change,differ,differ,True
research,should_miss,tool_param_type,differ,differ,True
research,should_miss,doc_content_change,differ,differ,True
research,should_miss,memory_version_bump,differ,differ,True
research,should_miss,system_policy_change,differ,differ,True
research,should_miss,doc_replaced,differ,differ,True
research,should_miss,model_changed,differ,differ,True
research,should_miss,tokenizer_changed,differ,differ,True
research,should_hit,ALL,equal,equal,True
research,should_hit,volatile_id,equal,equal,True
research,should_hit,tool_order,equal,equal,True
research,should_hit,json_field_order,equal,equal,True
research,should_hit,whitespace,equal,equal,True
research,should_hit,doc_metadata,equal,equal,True
research,should_miss,tool_semantic_change,differ,differ,True
research,should_miss,tool_param_type,differ,differ,True
research,should_miss,doc_content_change,differ,differ,True
research,should_miss,memory_version_bump,differ,differ,True
research,should_miss,system_policy_change,differ,differ,True
research,should_miss,doc_replaced,differ,differ,True
research,should_miss,model_changed,differ,differ,True
research,should_miss,tokenizer_changed,differ,differ,True
multitool,should_hit,ALL,equal,equal,True
multitool,should_hit,volatile_id,equal,equal,True
multitool,should_hit,tool_order,equal,equal,True
multitool,should_hit,json_field_order,equal,equal,True
multitool,should_hit,whitespace,equal,equal,True
multitool,should_hit,doc_metadata,equal,equal,True
multitool,should_miss,tool_semantic_change,differ,differ,True
multitool,should_miss,tool_param_type,differ,differ,True
multitool,should_miss,doc_content_change,differ,differ,True
multitool,should_miss,memory_version_bump,differ,differ,True
multitool,should_miss,system_policy_change,differ,differ,True
multitool,should_miss,doc_replaced,differ,differ,True
multitool,should_miss,model_changed,differ,differ,True
multitool,should_miss,tokenizer_changed,differ,differ,True
multitool,should_hit,ALL,equal,equal,True
multitool,should_hit,volatile_id,equal,equal,True
multitool,should_hit,tool_order,equal,equal,True
multitool,should_hit,json_field_order,equal,equal,True
multitool,should_hit,whitespace,equal,equal,True
multitool,should_hit,doc_metadata,equal,equal,True
multitool,should_miss,tool_semantic_change,differ,differ,True
multitool,should_miss,tool_param_type,differ,differ,True
multitool,should_miss,doc_content_change,differ,differ,True
multitool,should_miss,memory_version_bump,differ,differ,True
multitool,should_miss,system_policy_change,differ,differ,True
multitool,should_miss,doc_replaced,differ,differ,True
multitool,should_miss,model_changed,differ,differ,True
multitool,should_miss,tokenizer_changed,differ,differ,True
multitool,should_hit,ALL,equal,equal,True
multitool,should_hit,volatile_id,equal,equal,True
multitool,should_hit,tool_order,equal,equal,True
multitool,should_hit,json_field_order,equal,equal,True
multitool,should_hit,whitespace,equal,equal,True
multitool,should_hit,doc_metadata,equal,equal,True
multitool,should_miss,tool_semantic_change,differ,differ,True
multitool,should_miss,tool_param_type,differ,differ,True
multitool,should_miss,doc_content_change,differ,differ,True
multitool,should_miss,memory_version_bump,differ,differ,True
multitool,should_miss,system_policy_change,differ,differ,True
multitool,should_miss,doc_replaced,differ,differ,True
multitool,should_miss,model_changed,differ,differ,True
multitool,should_miss,tokenizer_changed,differ,differ,True
multitool,should_hit,ALL,equal,equal,True
multitool,should_hit,volatile_id,equal,equal,True
multitool,should_hit,tool_order,equal,equal,True
multitool,should_hit,json_field_order,equal,equal,True
multitool,should_hit,whitespace,equal,equal,True
multitool,should_hit,doc_metadata,equal,equal,True
multitool,should_miss,tool_semantic_change,differ,differ,True
multitool,should_miss,tool_param_type,differ,differ,True
multitool,should_miss,doc_content_change,differ,differ,True
multitool,should_miss,memory_version_bump,differ,differ,True
multitool,should_miss,system_policy_change,differ,differ,True
multitool,should_miss,doc_replaced,differ,differ,True
multitool,should_miss,model_changed,differ,differ,True
multitool,should_miss,tokenizer_changed,differ,differ,True
multitool,should_hit,ALL,equal,equal,True
multitool,should_hit,volatile_id,equal,equal,True
multitool,should_hit,tool_order,equal,equal,True
multitool,should_hit,json_field_order,equal,equal,True
multitool,should_hit,whitespace,equal,equal,True
multitool,should_hit,doc_metadata,equal,equal,True
multitool,should_miss,tool_semantic_change,differ,differ,True
multitool,should_miss,tool_param_type,differ,differ,True
multitool,should_miss,doc_content_change,differ,differ,True
multitool,should_miss,memory_version_bump,differ,differ,True
multitool,should_miss,system_policy_change,differ,differ,True
multitool,should_miss,doc_replaced,differ,differ,True
multitool,should_miss,model_changed,differ,differ,True
multitool,should_miss,tokenizer_changed,differ,differ,True
multitool,should_hit,ALL,equal,equal,True
multitool,should_hit,volatile_id,equal,equal,True
multitool,should_hit,tool_order,equal,equal,True
multitool,should_hit,json_field_order,equal,equal,True
multitool,should_hit,whitespace,equal,equal,True
multitool,should_hit,doc_metadata,equal,equal,True
multitool,should_miss,tool_semantic_change,differ,differ,True
multitool,should_miss,tool_param_type,differ,differ,True
multitool,should_miss,doc_content_change,differ,differ,True
multitool,should_miss,memory_version_bump,differ,differ,True
multitool,should_miss,system_policy_change,differ,differ,True
multitool,should_miss,doc_replaced,differ,differ,True
multitool,should_miss,model_changed,differ,differ,True
multitool,should_miss,tokenizer_changed,differ,differ,True
multitool,should_hit,ALL,equal,equal,True
multitool,should_hit,volatile_id,equal,equal,True
multitool,should_hit,tool_order,equal,equal,True
multitool,should_hit,json_field_order,equal,equal,True
multitool,should_hit,whitespace,equal,equal,True
multitool,should_hit,doc_metadata,equal,equal,True
multitool,should_miss,tool_semantic_change,differ,differ,True
multitool,should_miss,tool_param_type,differ,differ,True
multitool,should_miss,doc_content_change,differ,differ,True
multitool,should_miss,memory_version_bump,differ,differ,True
multitool,should_miss,system_policy_change,differ,differ,True
multitool,should_miss,doc_replaced,differ,differ,True
multitool,should_miss,model_changed,differ,differ,True
multitool,should_miss,tokenizer_changed,differ,differ,True
multitool,should_hit,ALL,equal,equal,True
multitool,should_hit,volatile_id,equal,equal,True
multitool,should_hit,tool_order,equal,equal,True
multitool,should_hit,json_field_order,equal,equal,True
multitool,should_hit,whitespace,equal,equal,True
multitool,should_hit,doc_metadata,equal,equal,True
multitool,should_miss,tool_semantic_change,differ,differ,True
multitool,should_miss,tool_param_type,differ,differ,True
multitool,should_miss,doc_content_change,differ,differ,True
multitool,should_miss,memory_version_bump,differ,differ,True
multitool,should_miss,system_policy_change,differ,differ,True
multitool,should_miss,doc_replaced,differ,differ,True
multitool,should_miss,model_changed,differ,differ,True
multitool,should_miss,tokenizer_changed,differ,differ,True
memory,should_hit,ALL,equal,equal,True
memory,should_hit,volatile_id,equal,equal,True
memory,should_hit,tool_order,equal,equal,True
memory,should_hit,json_field_order,equal,equal,True
memory,should_hit,whitespace,equal,equal,True
memory,should_hit,doc_metadata,equal,equal,True
memory,should_miss,tool_semantic_change,differ,differ,True
memory,should_miss,tool_param_type,differ,differ,True
memory,should_miss,doc_content_change,differ,differ,True
memory,should_miss,memory_version_bump,differ,differ,True
memory,should_miss,system_policy_change,differ,differ,True
memory,should_miss,doc_replaced,differ,differ,True
memory,should_miss,model_changed,differ,differ,True
memory,should_miss,tokenizer_changed,differ,differ,True
memory,should_hit,ALL,equal,equal,True
memory,should_hit,volatile_id,equal,equal,True
memory,should_hit,tool_order,equal,equal,True
memory,should_hit,json_field_order,equal,equal,True
memory,should_hit,whitespace,equal,equal,True
memory,should_hit,doc_metadata,equal,equal,True
memory,should_miss,tool_semantic_change,differ,differ,True
memory,should_miss,tool_param_type,differ,differ,True
memory,should_miss,doc_content_change,differ,differ,True
memory,should_miss,memory_version_bump,differ,differ,True
memory,should_miss,system_policy_change,differ,differ,True
memory,should_miss,doc_replaced,differ,differ,True
memory,should_miss,model_changed,differ,differ,True
memory,should_miss,tokenizer_changed,differ,differ,True
memory,should_hit,ALL,equal,equal,True
memory,should_hit,volatile_id,equal,equal,True
memory,should_hit,tool_order,equal,equal,True
memory,should_hit,json_field_order,equal,equal,True
memory,should_hit,whitespace,equal,equal,True
memory,should_hit,doc_metadata,equal,equal,True
memory,should_miss,tool_semantic_change,differ,differ,True
memory,should_miss,tool_param_type,differ,differ,True
memory,should_miss,doc_content_change,differ,differ,True
memory,should_miss,memory_version_bump,differ,differ,True
memory,should_miss,system_policy_change,differ,differ,True
memory,should_miss,doc_replaced,differ,differ,True
memory,should_miss,model_changed,differ,differ,True
memory,should_miss,tokenizer_changed,differ,differ,True
memory,should_hit,ALL,equal,equal,True
memory,should_hit,volatile_id,equal,equal,True
memory,should_hit,tool_order,equal,equal,True
memory,should_hit,json_field_order,equal,equal,True
memory,should_hit,whitespace,equal,equal,True
memory,should_hit,doc_metadata,equal,equal,True
memory,should_miss,tool_semantic_change,differ,differ,True
memory,should_miss,tool_param_type,differ,differ,True
memory,should_miss,doc_content_change,differ,differ,True
memory,should_miss,memory_version_bump,differ,differ,True
memory,should_miss,system_policy_change,differ,differ,True
memory,should_miss,doc_replaced,differ,differ,True
memory,should_miss,model_changed,differ,differ,True
memory,should_miss,tokenizer_changed,differ,differ,True
memory,should_hit,ALL,equal,equal,True
memory,should_hit,volatile_id,equal,equal,True
memory,should_hit,tool_order,equal,equal,True
memory,should_hit,json_field_order,equal,equal,True
memory,should_hit,whitespace,equal,equal,True
memory,should_hit,doc_metadata,equal,equal,True
memory,should_miss,tool_semantic_change,differ,differ,True
memory,should_miss,tool_param_type,differ,differ,True
memory,should_miss,doc_content_change,differ,differ,True
memory,should_miss,memory_version_bump,differ,differ,True
memory,should_miss,system_policy_change,differ,differ,True
memory,should_miss,doc_replaced,differ,differ,True
memory,should_miss,model_changed,differ,differ,True
memory,should_miss,tokenizer_changed,differ,differ,True
memory,should_hit,ALL,equal,equal,True
memory,should_hit,volatile_id,equal,equal,True
memory,should_hit,tool_order,equal,equal,True
memory,should_hit,json_field_order,equal,equal,True
memory,should_hit,whitespace,equal,equal,True
memory,should_hit,doc_metadata,equal,equal,True
memory,should_miss,tool_semantic_change,differ,differ,True
memory,should_miss,tool_param_type,differ,differ,True
memory,should_miss,doc_content_change,differ,differ,True
memory,should_miss,memory_version_bump,differ,differ,True
memory,should_miss,system_policy_change,differ,differ,True
memory,should_miss,doc_replaced,differ,differ,True
memory,should_miss,model_changed,differ,differ,True
memory,should_miss,tokenizer_changed,differ,differ,True
memory,should_hit,ALL,equal,equal,True
memory,should_hit,volatile_id,equal,equal,True
memory,should_hit,tool_order,equal,equal,True
memory,should_hit,json_field_order,equal,equal,True
memory,should_hit,whitespace,equal,equal,True
memory,should_hit,doc_metadata,equal,equal,True
memory,should_miss,tool_semantic_change,differ,differ,True
memory,should_miss,tool_param_type,differ,differ,True
memory,should_miss,doc_content_change,differ,differ,True
memory,should_miss,memory_version_bump,differ,differ,True
memory,should_miss,system_policy_change,differ,differ,True
memory,should_miss,doc_replaced,differ,differ,True
memory,should_miss,model_changed,differ,differ,True
memory,should_miss,tokenizer_changed,differ,differ,True
memory,should_hit,ALL,equal,equal,True
memory,should_hit,volatile_id,equal,equal,True
memory,should_hit,tool_order,equal,equal,True
memory,should_hit,json_field_order,equal,equal,True
memory,should_hit,whitespace,equal,equal,True
memory,should_hit,doc_metadata,equal,equal,True
memory,should_miss,tool_semantic_change,differ,differ,True
memory,should_miss,tool_param_type,differ,differ,True
memory,should_miss,doc_content_change,differ,differ,True
memory,should_miss,memory_version_bump,differ,differ,True
memory,should_miss,system_policy_change,differ,differ,True
memory,should_miss,doc_replaced,differ,differ,True
memory,should_miss,model_changed,differ,differ,True
memory,should_miss,tokenizer_changed,differ,differ,True
